[debug] [2026-03-28T05:48:17.019Z] [Firebase Plugin] Activating Firebase extension.
[debug] [2026-03-28T05:48:23.322Z] [Firebase Plugin] requireAuthWrapper
[debug] [2026-03-28T05:48:23.324Z] > command requires scopes: ["email","openid","https://www.googleapis.com/auth/cloudplatformprojects.readonly","https://www.googleapis.com/auth/firebase","https://www.googleapis.com/auth/cloud-platform"]
[debug] [2026-03-28T05:48:23.325Z] > authorizing via signed-in user (sharonraj2770@gmail.com)
[debug] [2026-03-28T05:48:23.331Z] Checked if tokens are valid: true, expires at: 1774678711114
[debug] [2026-03-28T05:48:23.331Z] Checked if tokens are valid: true, expires at: 1774678711114
[debug] [2026-03-28T05:48:23.332Z] [Firebase Plugin] User found:  sharonraj2770@gmail.com
[info] [Firebase Plugin] (Core:Project) New user detected, fetching projects
[debug] [2026-03-28T05:48:23.335Z] Checked if tokens are valid: true, expires at: 1774678711114
[debug] [2026-03-28T05:48:23.338Z] >>> [apiv2][query] GET https://firebase.googleapis.com/v1beta1/projects pageSize=1000
[debug] [2026-03-28T05:48:23.365Z] [Firebase Plugin] VSCode notification server listening on port 40001
[info] [Firebase Plugin] Starting Data Connect toolkit (version 3.2.1) on port 50001
[debug] [2026-03-28T05:48:30.418Z] I0328 11:18:30.245908   25604 control.go:100] [projects/emulator/locations/emulator/services/aesthetiq-patient-native 5991] UpdateResources(): done
Main schema: sources: schema\schema.gql [1992B] 
Connector "example": sources: example\mutations.gql [1243B] example\queries.gql [1801B] 
 {"metadata":{"emulator":{"name":"dataconnect"},"message":"I0328 11:18:30.245908   25604 control.go:100] [projects/emulator/locations/emulator/services/aesthetiq-patient-native 5991] UpdateResources(): done\nMain schema: sources: schema\\schema.gql [1992B] \nConnector \"example\": sources: example\\mutations.gql [1243B] example\\queries.gql [1801B] \n"}}
[debug] [2026-03-28T05:48:31.446Z] Ignoring unsupported arg: auto_download {"metadata":{"emulator":{"name":"dataconnect"},"message":"Ignoring unsupported arg: auto_download"}}
[debug] [2026-03-28T05:48:31.446Z] Ignoring unsupported arg: port {"metadata":{"emulator":{"name":"dataconnect"},"message":"Ignoring unsupported arg: port"}}
[debug] [2026-03-28T05:48:31.447Z] Starting Data Connect Emulator with command {"binary":"C:\\Users\\Sharon raj\\.cache\\firebase\\emulators\\dataconnect-emulator-3.2.1.exe","args":["--logtostderr","-v=2","dev","--listen=localhost:50001","--config_dir=c:\\Users\\Sharon raj\\OneDrive\\Desktop\\aesthetiq-patient-native\\dataconnect","--enable_output_schema_extensions=true","--enable_output_generated_sdk=true"],"optionalArgs":["listen","config_dir","enable_output_schema_extensions","enable_output_generated_sdk"],"joinArgs":true,"shell":false,"port":9399} {"metadata":{"emulator":{"name":"dataconnect"},"message":"Starting Data Connect Emulator with command {\"binary\":\"C:\\\\Users\\\\Sharon raj\\\\.cache\\\\firebase\\\\emulators\\\\dataconnect-emulator-3.2.1.exe\",\"args\":[\"--logtostderr\",\"-v=2\",\"dev\",\"--listen=localhost:50001\",\"--config_dir=c:\\\\Users\\\\Sharon raj\\\\OneDrive\\\\Desktop\\\\aesthetiq-patient-native\\\\dataconnect\",\"--enable_output_schema_extensions=true\",\"--enable_output_generated_sdk=true\"],\"optionalArgs\":[\"listen\",\"config_dir\",\"enable_output_schema_extensions\",\"enable_output_generated_sdk\"],\"joinArgs\":true,\"shell\":false,\"port\":9399}"}}
[info] i  dataconnect: Data Connect Emulator logging to dataconnect-debug.log {"metadata":{"emulator":{"name":"dataconnect"},"message":"Data Connect Emulator logging to \u001b[1mdataconnect-debug.log\u001b[22m"}}
[debug] [2026-03-28T05:48:34.197Z] I0328 11:18:33.054437    5792 load.go:31] Reloading schema and connectors...
I0328 11:18:33.482394    5792 control.go:100] [projects/emulator/locations/emulator/services/aesthetiq-patient-native 0dd4] UpdateResources(): done
Main schema: sources: schema\schema.gql [1992B] 
Connector "example": sources: example\mutations.gql [1243B] example\queries.gql [1801B] 
I0328 11:18:33.525990    5792 codegen.go:80] [connector "example" javascriptSdk] Generating sources into "c:\\Users\\Sharon raj\\OneDrive\\Desktop\\aesthetiq-patient-native\\src\\dataconnect-generated"
I0328 11:18:33.662458    5792 collector.go:107] schema extensions wrote into "c:\\Users\\Sharon raj\\OneDrive\\Desktop\\aesthetiq-patient-native\\dataconnect\\.dataconnect\\schema"
Generated sources: main\mutation.gql [13679B] main\implicit.gql [1261B] prelude.gql [80731B] main\input.gql [28173B] main\relation.gql [14318B] main\query.gql [5099B] 
I0328 11:18:33.694144    5792 collector.go:107] connector "example" javascriptSdk wrote into "c:\\Users\\Sharon raj\\OneDrive\\Desktop\\aesthetiq-patient-native\\src\\dataconnect-generated"
Generated sources: esm\package.json [17B] package.json [863B] react\esm\package.json [17B] react\esm\index.esm.js [3269B] esm\index.esm.js [3574B] index.cjs.js [4064B] react\package.json [460B] react\README.md [48299B] .guides/config.json [236B] README.md [40931B] index.d.ts [8025B] react\index.d.ts [3961B] react\index.cjs.js [3439B] .guides/usage.md [3489B] .guides/setup.md [1682B] 
I0328 11:18:33.720136    5792 installsdk.go:55] Package @dataconnect/generated is already installed. Skipping installation
I0328 11:18:33.728964    5792 load.go:109] Finished reloading
I0328 11:18:33.889316    5792 dev.go:104] Listening on address (HTTP + gRPC): 127.0.0.1:50001
 {"metadata":{"emulator":{"name":"dataconnect"},"message":"I0328 11:18:33.054437    5792 load.go:31] Reloading schema and connectors...\nI0328 11:18:33.482394    5792 control.go:100] [projects/emulator/locations/emulator/services/aesthetiq-patient-native 0dd4] UpdateResources(): done\nMain schema: sources: schema\\schema.gql [1992B] \nConnector \"example\": sources: example\\mutations.gql [1243B] example\\queries.gql [1801B] \nI0328 11:18:33.525990    5792 codegen.go:80] [connector \"example\" javascriptSdk] Generating sources into \"c:\\\\Users\\\\Sharon raj\\\\OneDrive\\\\Desktop\\\\aesthetiq-patient-native\\\\src\\\\dataconnect-generated\"\nI0328 11:18:33.662458    5792 collector.go:107] schema extensions wrote into \"c:\\\\Users\\\\Sharon raj\\\\OneDrive\\\\Desktop\\\\aesthetiq-patient-native\\\\dataconnect\\\\.dataconnect\\\\schema\"\nGenerated sources: main\\mutation.gql [13679B] main\\implicit.gql [1261B] prelude.gql [80731B] main\\input.gql [28173B] main\\relation.gql [14318B] main\\query.gql [5099B] \nI0328 11:18:33.694144    5792 collector.go:107] connector \"example\" javascriptSdk wrote into \"c:\\\\Users\\\\Sharon raj\\\\OneDrive\\\\Desktop\\\\aesthetiq-patient-native\\\\src\\\\dataconnect-generated\"\nGenerated sources: esm\\package.json [17B] package.json [863B] react\\esm\\package.json [17B] react\\esm\\index.esm.js [3269B] esm\\index.esm.js [3574B] index.cjs.js [4064B] react\\package.json [460B] react\\README.md [48299B] .guides/config.json [236B] README.md [40931B] index.d.ts [8025B] react\\index.d.ts [3961B] react\\index.cjs.js [3439B] .guides/usage.md [3489B] .guides/setup.md [1682B] \nI0328 11:18:33.720136    5792 installsdk.go:55] Package @dataconnect/generated is already installed. Skipping installation\nI0328 11:18:33.728964    5792 load.go:109] Finished reloading\nI0328 11:18:33.889316    5792 dev.go:104] Listening on address (HTTP + gRPC): 127.0.0.1:50001\n"}}
[debug] [2026-03-28T05:48:40.426Z] I0328 11:18:39.566327    5792 engine.go:210] [projects/emulator/locations/emulator/services/aesthetiq-patient-native 0dd4] ExecuteGraphqlRead query IntrospectionQuery: succeeded. 
 {"metadata":{"emulator":{"name":"dataconnect"},"message":"I0328 11:18:39.566327    5792 engine.go:210] [projects/emulator/locations/emulator/services/aesthetiq-patient-native 0dd4] ExecuteGraphqlRead query IntrospectionQuery: succeeded. \n"}}
[debug] [2026-03-28T05:48:43.927Z] <<< [apiv2][status] GET https://firebase.googleapis.com/v1beta1/projects 200
[debug] [2026-03-28T05:48:43.928Z] <<< [apiv2][body] GET https://firebase.googleapis.com/v1beta1/projects [omitted]
[info] [Firebase Plugin] Stopping Data Connect toolkit
[warn] !  Data Connect Emulator has exited upon receiving signal: SIGINT 
[debug] [2026-03-29T04:29:32.515Z] [Firebase Plugin] Activating Firebase extension.
[info] [Firebase Plugin] Unable to check firebase-tools installation: TypeError: fetch failed
[debug] [2026-03-29T04:29:48.288Z] [Firebase Plugin] requireAuthWrapper
[debug] [2026-03-29T04:29:48.289Z] > command requires scopes: ["email","openid","https://www.googleapis.com/auth/cloudplatformprojects.readonly","https://www.googleapis.com/auth/firebase","https://www.googleapis.com/auth/cloud-platform"]
[debug] [2026-03-29T04:29:48.290Z] > authorizing via signed-in user (sharonraj2770@gmail.com)
[debug] [2026-03-29T04:29:48.294Z] Checked if tokens are valid: false, expires at: 1774722835381
[debug] [2026-03-29T04:29:48.294Z] Checked if tokens are valid: false, expires at: 1774722835381
[debug] [2026-03-29T04:29:48.295Z] > refreshing access token with scopes: []
[debug] [2026-03-29T04:29:48.296Z] >>> [apiv2][query] POST https://www.googleapis.com/oauth2/v3/token [none]
[debug] [2026-03-29T04:29:48.297Z] >>> [apiv2][body] POST https://www.googleapis.com/oauth2/v3/token [omitted]
[info] [Firebase Plugin] Starting Data Connect toolkit (version 3.2.1) on port 50001
[debug] [2026-03-29T04:29:48.708Z] I0329 09:59:48.698208    7372 control.go:100] [projects/emulator/locations/emulator/services/aesthetiq-patient-native d826] UpdateResources(): done
Main schema: sources: schema\schema.gql [1992B] 
Connector "example": sources: example\mutations.gql [1243B] example\queries.gql [1801B] 
 {"metadata":{"emulator":{"name":"dataconnect"},"message":"I0329 09:59:48.698208    7372 control.go:100] [projects/emulator/locations/emulator/services/aesthetiq-patient-native d826] UpdateResources(): done\nMain schema: sources: schema\\schema.gql [1992B] \nConnector \"example\": sources: example\\mutations.gql [1243B] example\\queries.gql [1801B] \n"}}
[debug] [2026-03-29T04:29:48.709Z] Ignoring unsupported arg: auto_download {"metadata":{"emulator":{"name":"dataconnect"},"message":"Ignoring unsupported arg: auto_download"}}
[debug] [2026-03-29T04:29:48.710Z] Ignoring unsupported arg: port {"metadata":{"emulator":{"name":"dataconnect"},"message":"Ignoring unsupported arg: port"}}
[debug] [2026-03-29T04:29:48.710Z] Starting Data Connect Emulator with command {"binary":"C:\\Users\\Sharon raj\\.cache\\firebase\\emulators\\dataconnect-emulator-3.2.1.exe","args":["--logtostderr","-v=2","dev","--listen=localhost:50001","--config_dir=c:\\Users\\Sharon raj\\OneDrive\\Desktop\\aesthetiq-patient-native\\dataconnect","--enable_output_schema_extensions=true","--enable_output_generated_sdk=true"],"optionalArgs":["listen","config_dir","enable_output_schema_extensions","enable_output_generated_sdk"],"joinArgs":true,"shell":false,"port":9399} {"metadata":{"emulator":{"name":"dataconnect"},"message":"Starting Data Connect Emulator with command {\"binary\":\"C:\\\\Users\\\\Sharon raj\\\\.cache\\\\firebase\\\\emulators\\\\dataconnect-emulator-3.2.1.exe\",\"args\":[\"--logtostderr\",\"-v=2\",\"dev\",\"--listen=localhost:50001\",\"--config_dir=c:\\\\Users\\\\Sharon raj\\\\OneDrive\\\\Desktop\\\\aesthetiq-patient-native\\\\dataconnect\",\"--enable_output_schema_extensions=true\",\"--enable_output_generated_sdk=true\"],\"optionalArgs\":[\"listen\",\"config_dir\",\"enable_output_schema_extensions\",\"enable_output_generated_sdk\"],\"joinArgs\":true,\"shell\":false,\"port\":9399}"}}
[info] i  dataconnect: Data Connect Emulator logging to dataconnect-debug.log {"metadata":{"emulator":{"name":"dataconnect"},"message":"Data Connect Emulator logging to \u001b[1mdataconnect-debug.log\u001b[22m"}}
[debug] [2026-03-29T04:29:48.772Z] I0329 09:59:48.773902   21276 load.go:31] Reloading schema and connectors...
 {"metadata":{"emulator":{"name":"dataconnect"},"message":"I0329 09:59:48.773902   21276 load.go:31] Reloading schema and connectors...\n"}}
[debug] [2026-03-29T04:29:48.817Z] I0329 09:59:48.806504   21276 control.go:100] [projects/emulator/locations/emulator/services/aesthetiq-patient-native 8d18] UpdateResources(): done
Main schema: sources: schema\schema.gql [1992B] 
Connector "example": sources: example\mutations.gql [1243B] example\queries.gql [1801B] 
I0329 09:59:48.824786   21276 codegen.go:80] [connector "example" javascriptSdk] Generating sources into "c:\\Users\\Sharon raj\\OneDrive\\Desktop\\aesthetiq-patient-native\\src\\dataconnect-generated"
 {"metadata":{"emulator":{"name":"dataconnect"},"message":"I0329 09:59:48.806504   21276 control.go:100] [projects/emulator/locations/emulator/services/aesthetiq-patient-native 8d18] UpdateResources(): done\nMain schema: sources: schema\\schema.gql [1992B] \nConnector \"example\": sources: example\\mutations.gql [1243B] example\\queries.gql [1801B] \nI0329 09:59:48.824786   21276 codegen.go:80] [connector \"example\" javascriptSdk] Generating sources into \"c:\\\\Users\\\\Sharon raj\\\\OneDrive\\\\Desktop\\\\aesthetiq-patient-native\\\\src\\\\dataconnect-generated\"\n"}}
[debug] [2026-03-29T04:29:51.253Z] I0329 09:59:48.853214   21276 collector.go:107] schema extensions wrote into "c:\\Users\\Sharon raj\\OneDrive\\Desktop\\aesthetiq-patient-native\\dataconnect\\.dataconnect\\schema"
Generated sources: main\mutation.gql [13679B] prelude.gql [80731B] main\implicit.gql [1261B] main\input.gql [28173B] main\relation.gql [14318B] main\query.gql [5099B] 
I0329 09:59:48.861194   21276 collector.go:107] connector "example" javascriptSdk wrote into "c:\\Users\\Sharon raj\\OneDrive\\Desktop\\aesthetiq-patient-native\\src\\dataconnect-generated"
Generated sources: react\esm\package.json [17B] index.cjs.js [4064B] .guides/setup.md [1682B] .guides/config.json [236B] index.d.ts [8025B] react\index.d.ts [3961B] react\README.md [48299B] esm\index.esm.js [3574B] README.md [40931B] react\index.cjs.js [3439B] react\esm\index.esm.js [3269B] .guides/usage.md [3489B] esm\package.json [17B] package.json [863B] react\package.json [460B] 
I0329 09:59:48.867422   21276 installsdk.go:55] Package @dataconnect/generated is already installed. Skipping installation
I0329 09:59:48.868096   21276 load.go:109] Finished reloading
I0329 09:59:48.883824   21276 dev.go:104] Listening on address (HTTP + gRPC): 127.0.0.1:50001
 {"metadata":{"emulator":{"name":"dataconnect"},"message":"I0329 09:59:48.853214   21276 collector.go:107] schema extensions wrote into \"c:\\\\Users\\\\Sharon raj\\\\OneDrive\\\\Desktop\\\\aesthetiq-patient-native\\\\dataconnect\\\\.dataconnect\\\\schema\"\nGenerated sources: main\\mutation.gql [13679B] prelude.gql [80731B] main\\implicit.gql [1261B] main\\input.gql [28173B] main\\relation.gql [14318B] main\\query.gql [5099B] \nI0329 09:59:48.861194   21276 collector.go:107] connector \"example\" javascriptSdk wrote into \"c:\\\\Users\\\\Sharon raj\\\\OneDrive\\\\Desktop\\\\aesthetiq-patient-native\\\\src\\\\dataconnect-generated\"\nGenerated sources: react\\esm\\package.json [17B] index.cjs.js [4064B] .guides/setup.md [1682B] .guides/config.json [236B] index.d.ts [8025B] react\\index.d.ts [3961B] react\\README.md [48299B] esm\\index.esm.js [3574B] README.md [40931B] react\\index.cjs.js [3439B] react\\esm\\index.esm.js [3269B] .guides/usage.md [3489B] esm\\package.json [17B] package.json [863B] react\\package.json [460B] \nI0329 09:59:48.867422   21276 installsdk.go:55] Package @dataconnect/generated is already installed. Skipping installation\nI0329 09:59:48.868096   21276 load.go:109] Finished reloading\nI0329 09:59:48.883824   21276 dev.go:104] Listening on address (HTTP + gRPC): 127.0.0.1:50001\n"}}
[debug] [2026-03-29T04:29:57.096Z] I0329 09:59:57.103885   21276 engine.go:210] [projects/emulator/locations/emulator/services/aesthetiq-patient-native 8d18] ExecuteGraphqlRead query IntrospectionQuery: succeeded. 
 {"metadata":{"emulator":{"name":"dataconnect"},"message":"I0329 09:59:57.103885   21276 engine.go:210] [projects/emulator/locations/emulator/services/aesthetiq-patient-native 8d18] ExecuteGraphqlRead query IntrospectionQuery: succeeded. \n"}}
[debug] [2026-03-29T04:30:06.230Z] *** [apiv2] error from fetch(https://www.googleapis.com/oauth2/v3/token, {"headers":{},"method":"POST","body":{"_overheadLength":545,"_valueLength":212,"_valuesToMeasure":[],"writable":false,"readable":true,"dataSize":0,"maxDataSize":2097152,"pauseStreams":true,"_released":true,"_streams":[],"_currentStream":null,"_insideLoop":false,"_pendingNext":false,"_boundary":"--------------------------6f91fd543cad76c599d81b0d","_events":{},"_eventsCount":1}}): FetchError: request to https://www.googleapis.com/oauth2/v3/token failed, reason: getaddrinfo ENOTFOUND www.googleapis.com
[error] Authentication Error: Your credentials are no longer valid. Please run firebase login --reauth

For CI servers and headless environments, generate a new token with firebase login:ci
[error] [Firebase Plugin] requireAuth error: Authentication Error: Your credentials are no longer valid. Please run firebase login --reauth

For CI servers and headless environments, generate a new token with firebase login:ci
[info] [Firebase Plugin] Stopping Data Connect toolkit
[warn] !  Data Connect Emulator has exited upon receiving signal: SIGINT 
[debug] [2026-04-01T07:28:02.678Z] [Firebase Plugin] Activating Firebase extension.
[info] [Firebase Plugin] Unable to check firebase-tools installation: TypeError: fetch failed
[debug] [2026-04-01T07:28:19.185Z] [Firebase Plugin] requireAuthWrapper
[debug] [2026-04-01T07:28:19.187Z] > command requires scopes: ["email","openid","https://www.googleapis.com/auth/cloudplatformprojects.readonly","https://www.googleapis.com/auth/firebase","https://www.googleapis.com/auth/cloud-platform"]
[debug] [2026-04-01T07:28:19.188Z] > authorizing via signed-in user (sharonraj2770@gmail.com)
[debug] [2026-04-01T07:28:19.194Z] Checked if tokens are valid: true, expires at: 1775030523076
[debug] [2026-04-01T07:28:19.194Z] Checked if tokens are valid: true, expires at: 1775030523076
[debug] [2026-04-01T07:28:19.195Z] [Firebase Plugin] User found:  sharonraj2770@gmail.com
[info] [Firebase Plugin] (Core:Project) New user detected, fetching projects
[debug] [2026-04-01T07:28:19.197Z] Checked if tokens are valid: true, expires at: 1775030523076
[debug] [2026-04-01T07:28:19.199Z] >>> [apiv2][query] GET https://firebase.googleapis.com/v1beta1/projects pageSize=1000
[debug] [2026-04-01T07:28:19.214Z] [Firebase Plugin] VSCode notification server listening on port 40001
[info] [Firebase Plugin] Starting Data Connect toolkit (version 3.2.1) on port 50001
[debug] [2026-04-01T07:28:21.459Z] I0401 12:58:21.408612   20340 control.go:100] [projects/emulator/locations/emulator/services/aesthetiq-patient-native 17b2] UpdateResources(): done
Main schema: sources: schema\schema.gql [1992B] 
Connector "example": sources: example\mutations.gql [1243B] example\queries.gql [1801B] 
 {"metadata":{"emulator":{"name":"dataconnect"},"message":"I0401 12:58:21.408612   20340 control.go:100] [projects/emulator/locations/emulator/services/aesthetiq-patient-native 17b2] UpdateResources(): done\nMain schema: sources: schema\\schema.gql [1992B] \nConnector \"example\": sources: example\\mutations.gql [1243B] example\\queries.gql [1801B] \n"}}
[debug] [2026-04-01T07:28:21.462Z] Ignoring unsupported arg: auto_download {"metadata":{"emulator":{"name":"dataconnect"},"message":"Ignoring unsupported arg: auto_download"}}
[debug] [2026-04-01T07:28:21.462Z] Ignoring unsupported arg: port {"metadata":{"emulator":{"name":"dataconnect"},"message":"Ignoring unsupported arg: port"}}
[debug] [2026-04-01T07:28:21.462Z] Starting Data Connect Emulator with command {"binary":"C:\\Users\\Sharon raj\\.cache\\firebase\\emulators\\dataconnect-emulator-3.2.1.exe","args":["--logtostderr","-v=2","dev","--listen=localhost:50001","--config_dir=c:\\Users\\Sharon raj\\OneDrive\\Desktop\\aesthetiq-patient-native\\dataconnect","--enable_output_schema_extensions=true","--enable_output_generated_sdk=true"],"optionalArgs":["listen","config_dir","enable_output_schema_extensions","enable_output_generated_sdk"],"joinArgs":true,"shell":false,"port":9399} {"metadata":{"emulator":{"name":"dataconnect"},"message":"Starting Data Connect Emulator with command {\"binary\":\"C:\\\\Users\\\\Sharon raj\\\\.cache\\\\firebase\\\\emulators\\\\dataconnect-emulator-3.2.1.exe\",\"args\":[\"--logtostderr\",\"-v=2\",\"dev\",\"--listen=localhost:50001\",\"--config_dir=c:\\\\Users\\\\Sharon raj\\\\OneDrive\\\\Desktop\\\\aesthetiq-patient-native\\\\dataconnect\",\"--enable_output_schema_extensions=true\",\"--enable_output_generated_sdk=true\"],\"optionalArgs\":[\"listen\",\"config_dir\",\"enable_output_schema_extensions\",\"enable_output_generated_sdk\"],\"joinArgs\":true,\"shell\":false,\"port\":9399}"}}
[info] i  dataconnect: Data Connect Emulator logging to dataconnect-debug.log {"metadata":{"emulator":{"name":"dataconnect"},"message":"Data Connect Emulator logging to \u001b[1mdataconnect-debug.log\u001b[22m"}}
[debug] [2026-04-01T07:28:26.876Z] I0401 12:58:22.196759   26056 load.go:31] Reloading schema and connectors...
I0401 12:58:22.231274   26056 control.go:100] [projects/emulator/locations/emulator/services/aesthetiq-patient-native 383a] UpdateResources(): done
Main schema: sources: schema\schema.gql [1992B] 
Connector "example": sources: example\mutations.gql [1243B] example\queries.gql [1801B] 
I0401 12:58:22.463742   26056 codegen.go:80] [connector "example" javascriptSdk] Generating sources into "c:\\Users\\Sharon raj\\OneDrive\\Desktop\\aesthetiq-patient-native\\src\\dataconnect-generated"
I0401 12:58:22.609181   26056 collector.go:107] schema extensions wrote into "c:\\Users\\Sharon raj\\OneDrive\\Desktop\\aesthetiq-patient-native\\dataconnect\\.dataconnect\\schema"
Generated sources: prelude.gql [80731B] main\implicit.gql [1261B] main\input.gql [28173B] main\relation.gql [14318B] main\query.gql [5099B] main\mutation.gql [13679B] 
I0401 12:58:22.614305   26056 collector.go:107] connector "example" javascriptSdk wrote into "c:\\Users\\Sharon raj\\OneDrive\\Desktop\\aesthetiq-patient-native\\src\\dataconnect-generated"
Generated sources: react\esm\index.esm.js [3269B] react\README.md [48299B] .guides/usage.md [3489B] .guides/config.json [236B] esm\package.json [17B] react\index.d.ts [3961B] react\index.cjs.js [3439B] index.cjs.js [4064B] package.json [863B] README.md [40931B] index.d.ts [8025B] esm\index.esm.js [3574B] react\package.json [460B] react\esm\package.json [17B] .guides/setup.md [1682B] 
I0401 12:58:22.616424   26056 installsdk.go:55] Package @dataconnect/generated is already installed. Skipping installation
I0401 12:58:22.616424   26056 load.go:109] Finished reloading
F0401 12:58:22.627632   26056 dev.go:102] Could not listen on address localhost:50001: listen tcp 127.0.0.1:50001: bind: Only one usage of each socket address (protocol/network address/port) is normally permitted.
 {"metadata":{"emulator":{"name":"dataconnect"},"message":"I0401 12:58:22.196759   26056 load.go:31] Reloading schema and connectors...\nI0401 12:58:22.231274   26056 control.go:100] [projects/emulator/locations/emulator/services/aesthetiq-patient-native 383a] UpdateResources(): done\nMain schema: sources: schema\\schema.gql [1992B] \nConnector \"example\": sources: example\\mutations.gql [1243B] example\\queries.gql [1801B] \nI0401 12:58:22.463742   26056 codegen.go:80] [connector \"example\" javascriptSdk] Generating sources into \"c:\\\\Users\\\\Sharon raj\\\\OneDrive\\\\Desktop\\\\aesthetiq-patient-native\\\\src\\\\dataconnect-generated\"\nI0401 12:58:22.609181   26056 collector.go:107] schema extensions wrote into \"c:\\\\Users\\\\Sharon raj\\\\OneDrive\\\\Desktop\\\\aesthetiq-patient-native\\\\dataconnect\\\\.dataconnect\\\\schema\"\nGenerated sources: prelude.gql [80731B] main\\implicit.gql [1261B] main\\input.gql [28173B] main\\relation.gql [14318B] main\\query.gql [5099B] main\\mutation.gql [13679B] \nI0401 12:58:22.614305   26056 collector.go:107] connector \"example\" javascriptSdk wrote into \"c:\\\\Users\\\\Sharon raj\\\\OneDrive\\\\Desktop\\\\aesthetiq-patient-native\\\\src\\\\dataconnect-generated\"\nGenerated sources: react\\esm\\index.esm.js [3269B] react\\README.md [48299B] .guides/usage.md [3489B] .guides/config.json [236B] esm\\package.json [17B] react\\index.d.ts [3961B] react\\index.cjs.js [3439B] index.cjs.js [4064B] package.json [863B] README.md [40931B] index.d.ts [8025B] esm\\index.esm.js [3574B] react\\package.json [460B] react\\esm\\package.json [17B] .guides/setup.md [1682B] \nI0401 12:58:22.616424   26056 installsdk.go:55] Package @dataconnect/generated is already installed. Skipping installation\nI0401 12:58:22.616424   26056 load.go:109] Finished reloading\nF0401 12:58:22.627632   26056 dev.go:102] Could not listen on address localhost:50001: listen tcp 127.0.0.1:50001: bind: Only one usage of each socket address (protocol/network address/port) is normally permitted.\n"}}
[warn] !  dataconnect: Fatal error occurred: 
   Data Connect Emulator has exited with code: 1, 
   stopping all running emulators {"metadata":{"emulator":{"name":"dataconnect"},"message":"Fatal error occurred: \n   Data Connect Emulator has exited with code: 1, \n   stopping all running emulators"}}
[debug] [2026-04-01T07:28:37.315Z] *** [apiv2] error from fetch(https://firebase.googleapis.com/v1beta1/projects?pageSize=1000, {"headers":{},"method":"GET","signal":{"reason":""}}): FetchError: request to https://firebase.googleapis.com/v1beta1/projects?pageSize=1000 failed, reason: getaddrinfo ENOTFOUND firebase.googleapis.com
[debug] [2026-04-01T07:28:37.316Z] Failed to make request to https://firebase.googleapis.com/v1beta1/projects?pageSize=1000
[debug] [2026-04-08T05:21:45.281Z] [Firebase Plugin] Activating Firebase extension.
[debug] [2026-04-08T05:21:53.534Z] [Firebase Plugin] requireAuthWrapper
[debug] [2026-04-08T05:21:53.538Z] > command requires scopes: ["email","openid","https://www.googleapis.com/auth/cloudplatformprojects.readonly","https://www.googleapis.com/auth/firebase","https://www.googleapis.com/auth/cloud-platform"]
[debug] [2026-04-08T05:21:53.539Z] > authorizing via signed-in user (sharonraj2770@gmail.com)
[debug] [2026-04-08T05:21:53.547Z] Checked if tokens are valid: false, expires at: 1775287260009
[debug] [2026-04-08T05:21:53.548Z] Checked if tokens are valid: false, expires at: 1775287260009
[debug] [2026-04-08T05:21:53.549Z] > refreshing access token with scopes: []
[debug] [2026-04-08T05:21:53.552Z] >>> [apiv2][query] POST https://www.googleapis.com/oauth2/v3/token [none]
[debug] [2026-04-08T05:21:53.553Z] >>> [apiv2][body] POST https://www.googleapis.com/oauth2/v3/token [omitted]
[info] [Firebase Plugin] Starting Data Connect toolkit (version 3.3.1) on port 50001
[info] i  dataconnect: downloading dataconnect-emulator-3.3.1.exe... {"metadata":{"emulator":{"name":"dataconnect"},"message":"downloading dataconnect-emulator-3.3.1.exe..."}}
[debug] [2026-04-08T05:21:55.107Z] >>> [apiv2][query] GET https://storage.googleapis.com/firemat-preview-drop/emulator/dataconnect-emulator-windows-amd64-v3.3.1 
[debug] [2026-04-08T05:21:56.159Z] <<< [apiv2][status] POST https://www.googleapis.com/oauth2/v3/token 200
[debug] [2026-04-08T05:21:56.161Z] <<< [apiv2][body] POST https://www.googleapis.com/oauth2/v3/token [omitted]
[debug] [2026-04-08T05:21:56.228Z] [Firebase Plugin] User found:  sharonraj2770@gmail.com
[info] [Firebase Plugin] (Core:Project) New user detected, fetching projects
[debug] [2026-04-08T05:21:56.233Z] Checked if tokens are valid: true, expires at: 1775629315162
[debug] [2026-04-08T05:21:56.234Z] >>> [apiv2][query] GET https://firebase.googleapis.com/v1beta1/projects pageSize=1000
[debug] [2026-04-08T05:21:58.442Z] <<< [apiv2][status] GET https://storage.googleapis.com/firemat-preview-drop/emulator/dataconnect-emulator-windows-amd64-v3.3.1 200
[debug] [2026-04-08T05:21:58.442Z] <<< [apiv2][body] GET https://storage.googleapis.com/firemat-preview-drop/emulator/dataconnect-emulator-windows-amd64-v3.3.1 [stream]
[debug] [2026-04-08T05:22:01.931Z] <<< [apiv2][status] GET https://firebase.googleapis.com/v1beta1/projects 200
[debug] [2026-04-08T05:22:01.932Z] <<< [apiv2][body] GET https://firebase.googleapis.com/v1beta1/projects [omitted]
[info] i  dataconnect: Removing outdated emulator files: dataconnect-emulator-3.2.1.exe {"metadata":{"emulator":{"name":"dataconnect"},"message":"Removing outdated emulator files: dataconnect-emulator-3.2.1.exe"}}
[info] i  dataconnect: Removing outdated emulator files: dataconnect-emulator-3.3.0.exe {"metadata":{"emulator":{"name":"dataconnect"},"message":"Removing outdated emulator files: dataconnect-emulator-3.3.0.exe"}}
[debug] [2026-04-08T05:22:19.714Z] I0408 10:52:19.686375   24892 control.go:100] [projects/emulator/locations/emulator/services/aesthetiq-patient-native 1446] UpdateResources(): done
Main schema: sources: schema\schema.gql [1992B] 
Connector "example": sources: example\mutations.gql [1243B] example\queries.gql [1801B] 
 {"metadata":{"emulator":{"name":"dataconnect"},"message":"I0408 10:52:19.686375   24892 control.go:100] [projects/emulator/locations/emulator/services/aesthetiq-patient-native 1446] UpdateResources(): done\nMain schema: sources: schema\\schema.gql [1992B] \nConnector \"example\": sources: example\\mutations.gql [1243B] example\\queries.gql [1801B] \n"}}
[debug] [2026-04-08T05:22:19.717Z] Ignoring unsupported arg: auto_download {"metadata":{"emulator":{"name":"dataconnect"},"message":"Ignoring unsupported arg: auto_download"}}
[debug] [2026-04-08T05:22:19.717Z] Ignoring unsupported arg: port {"metadata":{"emulator":{"name":"dataconnect"},"message":"Ignoring unsupported arg: port"}}
[debug] [2026-04-08T05:22:19.718Z] Starting Data Connect Emulator with command {"binary":"C:\\Users\\Sharon raj\\.cache\\firebase\\emulators\\dataconnect-emulator-3.3.1.exe","args":["--logtostderr","-v=2","dev","--listen=localhost:50001","--config_dir=c:\\Users\\Sharon raj\\OneDrive\\Desktop\\aesthetiq-patient-native\\dataconnect","--enable_output_schema_extensions=true","--enable_output_generated_sdk=true"],"optionalArgs":["listen","config_dir","enable_output_schema_extensions","enable_output_generated_sdk"],"joinArgs":true,"shell":false,"port":9399} {"metadata":{"emulator":{"name":"dataconnect"},"message":"Starting Data Connect Emulator with command {\"binary\":\"C:\\\\Users\\\\Sharon raj\\\\.cache\\\\firebase\\\\emulators\\\\dataconnect-emulator-3.3.1.exe\",\"args\":[\"--logtostderr\",\"-v=2\",\"dev\",\"--listen=localhost:50001\",\"--config_dir=c:\\\\Users\\\\Sharon raj\\\\OneDrive\\\\Desktop\\\\aesthetiq-patient-native\\\\dataconnect\",\"--enable_output_schema_extensions=true\",\"--enable_output_generated_sdk=true\"],\"optionalArgs\":[\"listen\",\"config_dir\",\"enable_output_schema_extensions\",\"enable_output_generated_sdk\"],\"joinArgs\":true,\"shell\":false,\"port\":9399}"}}
[info] i  dataconnect: Data Connect Emulator logging to dataconnect-debug.log {"metadata":{"emulator":{"name":"dataconnect"},"message":"Data Connect Emulator logging to \u001b[1mdataconnect-debug.log\u001b[22m"}}
[debug] [2026-04-08T05:22:19.805Z] I0408 10:52:19.803246   10992 load.go:31] Reloading schema and connectors...
 {"metadata":{"emulator":{"name":"dataconnect"},"message":"I0408 10:52:19.803246   10992 load.go:31] Reloading schema and connectors...\n"}}
[debug] [2026-04-08T05:22:19.845Z] I0408 10:52:19.845058   10992 control.go:100] [projects/emulator/locations/emulator/services/aesthetiq-patient-native a2a6] UpdateResources(): done
Main schema: sources: schema\schema.gql [1992B] 
Connector "example": sources: example\mutations.gql [1243B] example\queries.gql [1801B] 
 {"metadata":{"emulator":{"name":"dataconnect"},"message":"I0408 10:52:19.845058   10992 control.go:100] [projects/emulator/locations/emulator/services/aesthetiq-patient-native a2a6] UpdateResources(): done\nMain schema: sources: schema\\schema.gql [1992B] \nConnector \"example\": sources: example\\mutations.gql [1243B] example\\queries.gql [1801B] \n"}}
[debug] [2026-04-08T05:22:19.888Z] I0408 10:52:19.888426   10992 codegen.go:101] [connector "example" javascriptSdk] Generating sources into "c:\\Users\\Sharon raj\\OneDrive\\Desktop\\aesthetiq-patient-native\\src\\dataconnect-generated"
 {"metadata":{"emulator":{"name":"dataconnect"},"message":"I0408 10:52:19.888426   10992 codegen.go:101] [connector \"example\" javascriptSdk] Generating sources into \"c:\\\\Users\\\\Sharon raj\\\\OneDrive\\\\Desktop\\\\aesthetiq-patient-native\\\\src\\\\dataconnect-generated\"\n"}}
[debug] [2026-04-08T05:22:19.922Z] I0408 10:52:19.923041   10992 collector.go:107] schema extensions wrote into "c:\\Users\\Sharon raj\\OneDrive\\Desktop\\aesthetiq-patient-native\\dataconnect\\.dataconnect\\schema"
Generated sources: prelude.gql [80888B] main\relation.gql [14318B] main\query.gql [5099B] main\mutation.gql [13679B] main\implicit.gql [1261B] main\input.gql [28927B] 
 {"metadata":{"emulator":{"name":"dataconnect"},"message":"I0408 10:52:19.923041   10992 collector.go:107] schema extensions wrote into \"c:\\\\Users\\\\Sharon raj\\\\OneDrive\\\\Desktop\\\\aesthetiq-patient-native\\\\dataconnect\\\\.dataconnect\\\\schema\"\nGenerated sources: prelude.gql [80888B] main\\relation.gql [14318B] main\\query.gql [5099B] main\\mutation.gql [13679B] main\\implicit.gql [1261B] main\\input.gql [28927B] \n"}}
[debug] [2026-04-08T05:22:19.937Z] I0408 10:52:19.937733   10992 collector.go:107] connector "example" javascriptSdk wrote into "c:\\Users\\Sharon raj\\OneDrive\\Desktop\\aesthetiq-patient-native\\src\\dataconnect-generated"
Generated sources: react\index.cjs.js [3439B] .guides/config.json [236B] esm\package.json [17B] index.cjs.js [5649B] package.json [853B] README.md [41235B] react\index.d.ts [3961B] react\esm\package.json [17B] .guides/usage.md [3489B] react\package.json [460B] .guides/setup.md [1682B] index.d.ts [8350B] react\esm\index.esm.js [3269B] react\README.md [48299B] esm\index.esm.js [5149B] 
 {"metadata":{"emulator":{"name":"dataconnect"},"message":"I0408 10:52:19.937733   10992 collector.go:107] connector \"example\" javascriptSdk wrote into \"c:\\\\Users\\\\Sharon raj\\\\OneDrive\\\\Desktop\\\\aesthetiq-patient-native\\\\src\\\\dataconnect-generated\"\nGenerated sources: react\\index.cjs.js [3439B] .guides/config.json [236B] esm\\package.json [17B] index.cjs.js [5649B] package.json [853B] README.md [41235B] react\\index.d.ts [3961B] react\\esm\\package.json [17B] .guides/usage.md [3489B] react\\package.json [460B] .guides/setup.md [1682B] index.d.ts [8350B] react\\esm\\index.esm.js [3269B] react\\README.md [48299B] esm\\index.esm.js [5149B] \n"}}
[debug] [2026-04-08T05:22:20.096Z] I0408 10:52:20.096198   10992 installsdk.go:55] Package @dataconnect/generated is already installed. Skipping installation
I0408 10:52:20.097030   10992 load.go:109] Finished reloading
 {"metadata":{"emulator":{"name":"dataconnect"},"message":"I0408 10:52:20.096198   10992 installsdk.go:55] Package @dataconnect/generated is already installed. Skipping installation\nI0408 10:52:20.097030   10992 load.go:109] Finished reloading\n"}}
[debug] [2026-04-08T05:22:20.232Z] I0408 10:52:20.231692   10992 dev.go:104] Listening on address (HTTP + gRPC): 127.0.0.1:50001
 {"metadata":{"emulator":{"name":"dataconnect"},"message":"I0408 10:52:20.231692   10992 dev.go:104] Listening on address (HTTP + gRPC): 127.0.0.1:50001\n"}}
[debug] [2026-04-08T05:22:20.540Z] I0408 10:52:20.540339   10992 engine.go:209] [projects/emulator/locations/emulator/services/aesthetiq-patient-native a2a6] ExecuteGraphqlRead query IntrospectionQuery: succeeded. 
 {"metadata":{"emulator":{"name":"dataconnect"},"message":"I0408 10:52:20.540339   10992 engine.go:209] [projects/emulator/locations/emulator/services/aesthetiq-patient-native a2a6] ExecuteGraphqlRead query IntrospectionQuery: succeeded. \n"}}
[info] [Firebase Plugin] Stopping Data Connect toolkit
[warn] !  Data Connect Emulator has exited upon receiving signal: SIGINT 
[debug] [2026-04-08T06:23:23.357Z] [Firebase Plugin] Activating Firebase extension.
[debug] [2026-04-08T06:23:25.611Z] [Firebase Plugin] requireAuthWrapper
[debug] [2026-04-08T06:23:25.613Z] > command requires scopes: ["email","openid","https://www.googleapis.com/auth/cloudplatformprojects.readonly","https://www.googleapis.com/auth/firebase","https://www.googleapis.com/auth/cloud-platform"]
[debug] [2026-04-08T06:23:25.614Z] > authorizing via signed-in user (sharonraj2770@gmail.com)
[debug] [2026-04-08T06:23:25.617Z] Checked if tokens are valid: false, expires at: 1775629315162
[debug] [2026-04-08T06:23:25.618Z] Checked if tokens are valid: false, expires at: 1775629315162
[debug] [2026-04-08T06:23:25.618Z] > refreshing access token with scopes: []
[debug] [2026-04-08T06:23:25.620Z] >>> [apiv2][query] POST https://www.googleapis.com/oauth2/v3/token [none]
[debug] [2026-04-08T06:23:25.621Z] >>> [apiv2][body] POST https://www.googleapis.com/oauth2/v3/token [omitted]
[debug] [2026-04-08T06:23:25.636Z] [Firebase Plugin] VSCode notification server listening on port 40001
[info] [Firebase Plugin] Starting Data Connect toolkit (version 3.3.1) on port 50001
[debug] [2026-04-08T06:23:26.308Z] I0408 11:53:26.282281    1840 control.go:100] [projects/emulator/locations/emulator/services/aesthetiq-patient-native 5966] UpdateResources(): done
Main schema: sources: schema\schema.gql [1992B] 
Connector "example": sources: example\mutations.gql [1243B] example\queries.gql [1801B] 
 {"metadata":{"emulator":{"name":"dataconnect"},"message":"I0408 11:53:26.282281    1840 control.go:100] [projects/emulator/locations/emulator/services/aesthetiq-patient-native 5966] UpdateResources(): done\nMain schema: sources: schema\\schema.gql [1992B] \nConnector \"example\": sources: example\\mutations.gql [1243B] example\\queries.gql [1801B] \n"}}
[debug] [2026-04-08T06:23:26.310Z] Ignoring unsupported arg: auto_download {"metadata":{"emulator":{"name":"dataconnect"},"message":"Ignoring unsupported arg: auto_download"}}
[debug] [2026-04-08T06:23:26.311Z] Ignoring unsupported arg: port {"metadata":{"emulator":{"name":"dataconnect"},"message":"Ignoring unsupported arg: port"}}
[debug] [2026-04-08T06:23:26.311Z] Starting Data Connect Emulator with command {"binary":"C:\\Users\\Sharon raj\\.cache\\firebase\\emulators\\dataconnect-emulator-3.3.1.exe","args":["--logtostderr","-v=2","dev","--listen=localhost:50001","--config_dir=c:\\Users\\Sharon raj\\OneDrive\\Desktop\\aesthetiq-patient-native\\dataconnect","--enable_output_schema_extensions=true","--enable_output_generated_sdk=true"],"optionalArgs":["listen","config_dir","enable_output_schema_extensions","enable_output_generated_sdk"],"joinArgs":true,"shell":false,"port":9399} {"metadata":{"emulator":{"name":"dataconnect"},"message":"Starting Data Connect Emulator with command {\"binary\":\"C:\\\\Users\\\\Sharon raj\\\\.cache\\\\firebase\\\\emulators\\\\dataconnect-emulator-3.3.1.exe\",\"args\":[\"--logtostderr\",\"-v=2\",\"dev\",\"--listen=localhost:50001\",\"--config_dir=c:\\\\Users\\\\Sharon raj\\\\OneDrive\\\\Desktop\\\\aesthetiq-patient-native\\\\dataconnect\",\"--enable_output_schema_extensions=true\",\"--enable_output_generated_sdk=true\"],\"optionalArgs\":[\"listen\",\"config_dir\",\"enable_output_schema_extensions\",\"enable_output_generated_sdk\"],\"joinArgs\":true,\"shell\":false,\"port\":9399}"}}
[info] i  dataconnect: Data Connect Emulator logging to dataconnect-debug.log {"metadata":{"emulator":{"name":"dataconnect"},"message":"Data Connect Emulator logging to \u001b[1mdataconnect-debug.log\u001b[22m"}}
[debug] [2026-04-08T06:23:26.414Z] I0408 11:53:26.386632   11184 load.go:31] Reloading schema and connectors...
 {"metadata":{"emulator":{"name":"dataconnect"},"message":"I0408 11:53:26.386632   11184 load.go:31] Reloading schema and connectors...\n"}}
[debug] [2026-04-08T06:23:26.442Z] I0408 11:53:26.427632   11184 control.go:100] [projects/emulator/locations/emulator/services/aesthetiq-patient-native a81e] UpdateResources(): done
Main schema: sources: schema\schema.gql [1992B] 
Connector "example": sources: example\mutations.gql [1243B] example\queries.gql [1801B] 
 {"metadata":{"emulator":{"name":"dataconnect"},"message":"I0408 11:53:26.427632   11184 control.go:100] [projects/emulator/locations/emulator/services/aesthetiq-patient-native a81e] UpdateResources(): done\nMain schema: sources: schema\\schema.gql [1992B] \nConnector \"example\": sources: example\\mutations.gql [1243B] example\\queries.gql [1801B] \n"}}
[debug] [2026-04-08T06:23:26.460Z] I0408 11:53:26.456031   11184 codegen.go:101] [connector "example" javascriptSdk] Generating sources into "c:\\Users\\Sharon raj\\OneDrive\\Desktop\\aesthetiq-patient-native\\src\\dataconnect-generated"
 {"metadata":{"emulator":{"name":"dataconnect"},"message":"I0408 11:53:26.456031   11184 codegen.go:101] [connector \"example\" javascriptSdk] Generating sources into \"c:\\\\Users\\\\Sharon raj\\\\OneDrive\\\\Desktop\\\\aesthetiq-patient-native\\\\src\\\\dataconnect-generated\"\n"}}
[debug] [2026-04-08T06:23:26.648Z] I0408 11:53:26.489139   11184 collector.go:107] schema extensions wrote into "c:\\Users\\Sharon raj\\OneDrive\\Desktop\\aesthetiq-patient-native\\dataconnect\\.dataconnect\\schema"
Generated sources: main\input.gql [28927B] main\relation.gql [14318B] prelude.gql [80888B] main\query.gql [5099B] main\mutation.gql [13679B] main\implicit.gql [1261B] 
I0408 11:53:26.509279   11184 collector.go:107] connector "example" javascriptSdk wrote into "c:\\Users\\Sharon raj\\OneDrive\\Desktop\\aesthetiq-patient-native\\src\\dataconnect-generated"
Generated sources: index.d.ts [8350B] esm\index.esm.js [5149B] README.md [41235B] .guides/setup.md [1682B] .guides/config.json [236B] package.json [853B] react\index.d.ts [3961B] react\index.cjs.js [3439B] .guides/usage.md [3489B] esm\package.json [17B] react\package.json [460B] index.cjs.js [5649B] react\esm\package.json [17B] react\esm\index.esm.js [3269B] react\README.md [48299B] 
I0408 11:53:26.519634   11184 installsdk.go:55] Package @dataconnect/generated is already installed. Skipping installation
I0408 11:53:26.520631   11184 load.go:109] Finished reloading
 {"metadata":{"emulator":{"name":"dataconnect"},"message":"I0408 11:53:26.489139   11184 collector.go:107] schema extensions wrote into \"c:\\\\Users\\\\Sharon raj\\\\OneDrive\\\\Desktop\\\\aesthetiq-patient-native\\\\dataconnect\\\\.dataconnect\\\\schema\"\nGenerated sources: main\\input.gql [28927B] main\\relation.gql [14318B] prelude.gql [80888B] main\\query.gql [5099B] main\\mutation.gql [13679B] main\\implicit.gql [1261B] \nI0408 11:53:26.509279   11184 collector.go:107] connector \"example\" javascriptSdk wrote into \"c:\\\\Users\\\\Sharon raj\\\\OneDrive\\\\Desktop\\\\aesthetiq-patient-native\\\\src\\\\dataconnect-generated\"\nGenerated sources: index.d.ts [8350B] esm\\index.esm.js [5149B] README.md [41235B] .guides/setup.md [1682B] .guides/config.json [236B] package.json [853B] react\\index.d.ts [3961B] react\\index.cjs.js [3439B] .guides/usage.md [3489B] esm\\package.json [17B] react\\package.json [460B] index.cjs.js [5649B] react\\esm\\package.json [17B] react\\esm\\index.esm.js [3269B] react\\README.md [48299B] \nI0408 11:53:26.519634   11184 installsdk.go:55] Package @dataconnect/generated is already installed. Skipping installation\nI0408 11:53:26.520631   11184 load.go:109] Finished reloading\n"}}
[debug] [2026-04-08T06:23:26.670Z] I0408 11:53:26.651934   11184 dev.go:104] Listening on address (HTTP + gRPC): 127.0.0.1:50001
 {"metadata":{"emulator":{"name":"dataconnect"},"message":"I0408 11:53:26.651934   11184 dev.go:104] Listening on address (HTTP + gRPC): 127.0.0.1:50001\n"}}
[debug] [2026-04-08T06:23:27.152Z] <<< [apiv2][status] POST https://www.googleapis.com/oauth2/v3/token 200
[debug] [2026-04-08T06:23:27.152Z] <<< [apiv2][body] POST https://www.googleapis.com/oauth2/v3/token [omitted]
[debug] [2026-04-08T06:23:27.191Z] [Firebase Plugin] User found:  sharonraj2770@gmail.com
[info] [Firebase Plugin] (Core:Project) New user detected, fetching projects
[debug] [2026-04-08T06:23:27.193Z] Checked if tokens are valid: true, expires at: 1775633006154
[debug] [2026-04-08T06:23:27.193Z] >>> [apiv2][query] GET https://firebase.googleapis.com/v1beta1/projects pageSize=1000
[debug] [2026-04-08T06:23:28.500Z] I0408 11:53:27.443446   11184 engine.go:209] [projects/emulator/locations/emulator/services/aesthetiq-patient-native a81e] ExecuteGraphqlRead query IntrospectionQuery: succeeded. 
 {"metadata":{"emulator":{"name":"dataconnect"},"message":"I0408 11:53:27.443446   11184 engine.go:209] [projects/emulator/locations/emulator/services/aesthetiq-patient-native a81e] ExecuteGraphqlRead query IntrospectionQuery: succeeded. \n"}}
[debug] [2026-04-08T06:23:29.385Z] <<< [apiv2][status] GET https://firebase.googleapis.com/v1beta1/projects 200
[debug] [2026-04-08T06:23:29.385Z] <<< [apiv2][body] GET https://firebase.googleapis.com/v1beta1/projects [omitted]
[debug] [2026-04-08T16:01:13.593Z] [Firebase Plugin] Activating Firebase extension.
[info] [Firebase Plugin] Unable to check firebase-tools installation: TypeError: fetch failed
[debug] [2026-04-08T16:01:47.416Z] [Firebase Plugin] requireAuthWrapper
[debug] [2026-04-08T16:01:47.437Z] > command requires scopes: ["email","openid","https://www.googleapis.com/auth/cloudplatformprojects.readonly","https://www.googleapis.com/auth/firebase","https://www.googleapis.com/auth/cloud-platform"]
[debug] [2026-04-08T16:01:47.440Z] > authorizing via signed-in user (sharonraj2770@gmail.com)
[debug] [2026-04-08T16:01:47.460Z] Checked if tokens are valid: true, expires at: 1775667704682
[debug] [2026-04-08T16:01:47.462Z] Checked if tokens are valid: true, expires at: 1775667704682
[debug] [2026-04-08T16:01:47.465Z] [Firebase Plugin] User found:  sharonraj2770@gmail.com
[info] [Firebase Plugin] (Core:Project) New user detected, fetching projects
[debug] [2026-04-08T16:01:47.479Z] Checked if tokens are valid: true, expires at: 1775667704682
[debug] [2026-04-08T16:01:47.500Z] >>> [apiv2][query] GET https://firebase.googleapis.com/v1beta1/projects pageSize=1000
[info] [Firebase Plugin] Starting Data Connect toolkit (version 3.3.1) on port 50002
[debug] [2026-04-08T16:01:51.939Z] I0408 21:31:51.909477   23788 control.go:100] [projects/emulator/locations/emulator/services/aesthetiq-patient-native c643] UpdateResources(): done
Main schema: sources: schema\schema.gql [1992B] 
Connector "example": sources: example\mutations.gql [1243B] example\queries.gql [1801B] 
 {"metadata":{"emulator":{"name":"dataconnect"},"message":"I0408 21:31:51.909477   23788 control.go:100] [projects/emulator/locations/emulator/services/aesthetiq-patient-native c643] UpdateResources(): done\nMain schema: sources: schema\\schema.gql [1992B] \nConnector \"example\": sources: example\\mutations.gql [1243B] example\\queries.gql [1801B] \n"}}
[debug] [2026-04-08T16:01:51.943Z] Ignoring unsupported arg: auto_download {"metadata":{"emulator":{"name":"dataconnect"},"message":"Ignoring unsupported arg: auto_download"}}
[debug] [2026-04-08T16:01:51.946Z] Ignoring unsupported arg: port {"metadata":{"emulator":{"name":"dataconnect"},"message":"Ignoring unsupported arg: port"}}
[debug] [2026-04-08T16:01:51.949Z] Starting Data Connect Emulator with command {"binary":"C:\\Users\\Sharon raj\\.cache\\firebase\\emulators\\dataconnect-emulator-3.3.1.exe","args":["--logtostderr","-v=2","dev","--listen=localhost:50002","--config_dir=c:\\Users\\Sharon raj\\OneDrive\\Desktop\\aesthetiq-patient-native\\dataconnect","--enable_output_schema_extensions=true","--enable_output_generated_sdk=true"],"optionalArgs":["listen","config_dir","enable_output_schema_extensions","enable_output_generated_sdk"],"joinArgs":true,"shell":false,"port":9399} {"metadata":{"emulator":{"name":"dataconnect"},"message":"Starting Data Connect Emulator with command {\"binary\":\"C:\\\\Users\\\\Sharon raj\\\\.cache\\\\firebase\\\\emulators\\\\dataconnect-emulator-3.3.1.exe\",\"args\":[\"--logtostderr\",\"-v=2\",\"dev\",\"--listen=localhost:50002\",\"--config_dir=c:\\\\Users\\\\Sharon raj\\\\OneDrive\\\\Desktop\\\\aesthetiq-patient-native\\\\dataconnect\",\"--enable_output_schema_extensions=true\",\"--enable_output_generated_sdk=true\"],\"optionalArgs\":[\"listen\",\"config_dir\",\"enable_output_schema_extensions\",\"enable_output_generated_sdk\"],\"joinArgs\":true,\"shell\":false,\"port\":9399}"}}
[info] i  dataconnect: Data Connect Emulator logging to dataconnect-debug.log {"metadata":{"emulator":{"name":"dataconnect"},"message":"Data Connect Emulator logging to \u001b[1mdataconnect-debug.log\u001b[22m"}}
[debug] [2026-04-08T16:01:53.588Z] I0408 21:31:52.082190   20208 load.go:31] Reloading schema and connectors...
I0408 21:31:52.138083   20208 control.go:100] [projects/emulator/locations/emulator/services/aesthetiq-patient-native 6933] UpdateResources(): done
Main schema: sources: schema\schema.gql [1992B] 
Connector "example": sources: example\mutations.gql [1243B] example\queries.gql [1801B] 
I0408 21:31:52.182976   20208 codegen.go:101] [connector "example" javascriptSdk] Generating sources into "c:\\Users\\Sharon raj\\OneDrive\\Desktop\\aesthetiq-patient-native\\src\\dataconnect-generated"
I0408 21:31:52.280004   20208 collector.go:107] schema extensions wrote into "c:\\Users\\Sharon raj\\OneDrive\\Desktop\\aesthetiq-patient-native\\dataconnect\\.dataconnect\\schema"
Generated sources: main\relation.gql [14318B] main\query.gql [5099B] main\mutation.gql [13679B] main\implicit.gql [1261B] prelude.gql [80888B] main\input.gql [28927B] 
I0408 21:31:52.296138   20208 collector.go:107] connector "example" javascriptSdk wrote into "c:\\Users\\Sharon raj\\OneDrive\\Desktop\\aesthetiq-patient-native\\src\\dataconnect-generated"
Generated sources: .guides/usage.md [3489B] .guides/config.json [236B] package.json [853B] react\esm\package.json [17B] react\esm\index.esm.js [3269B] README.md [41235B] .guides/setup.md [1682B] esm\index.esm.js [5149B] esm\package.json [17B] index.cjs.js [5649B] react\index.d.ts [3961B] react\index.cjs.js [3439B] react\README.md [48299B] index.d.ts [8350B] react\package.json [460B] 
I0408 21:31:52.300382   20208 installsdk.go:55] Package @dataconnect/generated is already installed. Skipping installation
I0408 21:31:52.300382   20208 load.go:109] Finished reloading
I0408 21:31:52.429643   20208 dev.go:104] Listening on address (HTTP + gRPC): 127.0.0.1:50002
 {"metadata":{"emulator":{"name":"dataconnect"},"message":"I0408 21:31:52.082190   20208 load.go:31] Reloading schema and connectors...\nI0408 21:31:52.138083   20208 control.go:100] [projects/emulator/locations/emulator/services/aesthetiq-patient-native 6933] UpdateResources(): done\nMain schema: sources: schema\\schema.gql [1992B] \nConnector \"example\": sources: example\\mutations.gql [1243B] example\\queries.gql [1801B] \nI0408 21:31:52.182976   20208 codegen.go:101] [connector \"example\" javascriptSdk] Generating sources into \"c:\\\\Users\\\\Sharon raj\\\\OneDrive\\\\Desktop\\\\aesthetiq-patient-native\\\\src\\\\dataconnect-generated\"\nI0408 21:31:52.280004   20208 collector.go:107] schema extensions wrote into \"c:\\\\Users\\\\Sharon raj\\\\OneDrive\\\\Desktop\\\\aesthetiq-patient-native\\\\dataconnect\\\\.dataconnect\\\\schema\"\nGenerated sources: main\\relation.gql [14318B] main\\query.gql [5099B] main\\mutation.gql [13679B] main\\implicit.gql [1261B] prelude.gql [80888B] main\\input.gql [28927B] \nI0408 21:31:52.296138   20208 collector.go:107] connector \"example\" javascriptSdk wrote into \"c:\\\\Users\\\\Sharon raj\\\\OneDrive\\\\Desktop\\\\aesthetiq-patient-native\\\\src\\\\dataconnect-generated\"\nGenerated sources: .guides/usage.md [3489B] .guides/config.json [236B] package.json [853B] react\\esm\\package.json [17B] react\\esm\\index.esm.js [3269B] README.md [41235B] .guides/setup.md [1682B] esm\\index.esm.js [5149B] esm\\package.json [17B] index.cjs.js [5649B] react\\index.d.ts [3961B] react\\index.cjs.js [3439B] react\\README.md [48299B] index.d.ts [8350B] react\\package.json [460B] \nI0408 21:31:52.300382   20208 installsdk.go:55] Package @dataconnect/generated is already installed. Skipping installation\nI0408 21:31:52.300382   20208 load.go:109] Finished reloading\nI0408 21:31:52.429643   20208 dev.go:104] Listening on address (HTTP + gRPC): 127.0.0.1:50002\n"}}
[debug] [2026-04-08T16:02:00.827Z] <<< [apiv2][status] GET https://firebase.googleapis.com/v1beta1/projects 200
[debug] [2026-04-08T16:02:00.830Z] <<< [apiv2][body] GET https://firebase.googleapis.com/v1beta1/projects [omitted]
[info] [Firebase Plugin] Stopping Data Connect toolkit
[warn] !  Data Connect Emulator has exited upon receiving signal: SIGINT 
[debug] [2026-04-09T05:41:34.048Z] [Firebase Plugin] Activating Firebase extension.
[debug] [2026-04-09T05:41:42.852Z] [Firebase Plugin] requireAuthWrapper
[debug] [2026-04-09T05:41:42.900Z] > command requires scopes: ["email","openid","https://www.googleapis.com/auth/cloudplatformprojects.readonly","https://www.googleapis.com/auth/firebase","https://www.googleapis.com/auth/cloud-platform"]
[debug] [2026-04-09T05:41:42.936Z] > authorizing via signed-in user (sharonraj2770@gmail.com)
[debug] [2026-04-09T05:41:43.033Z] Checked if tokens are valid: true, expires at: 1775715542432
[debug] [2026-04-09T05:41:43.034Z] Checked if tokens are valid: true, expires at: 1775715542432
[debug] [2026-04-09T05:41:43.087Z] [Firebase Plugin] User found:  sharonraj2770@gmail.com
[info] [Firebase Plugin] (Core:Project) New user detected, fetching projects
[debug] [2026-04-09T05:41:43.127Z] Checked if tokens are valid: true, expires at: 1775715542432
[debug] [2026-04-09T05:41:43.171Z] >>> [apiv2][query] GET https://firebase.googleapis.com/v1beta1/projects pageSize=1000
[debug] [2026-04-09T05:41:43.638Z] [Firebase Plugin] VSCode notification server listening on port 40001
[info] [Firebase Plugin] Starting Data Connect toolkit (version 3.3.1) on port 50001
[debug] [2026-04-09T05:41:58.191Z] I0409 11:11:58.128054   19112 control.go:100] [projects/emulator/locations/emulator/services/aesthetiq-patient-native 25b3] UpdateResources(): done
Main schema: sources: schema\schema.gql [1992B] 
Connector "example": sources: example\mutations.gql [1243B] example\queries.gql [1801B] 
 {"metadata":{"emulator":{"name":"dataconnect"},"message":"I0409 11:11:58.128054   19112 control.go:100] [projects/emulator/locations/emulator/services/aesthetiq-patient-native 25b3] UpdateResources(): done\nMain schema: sources: schema\\schema.gql [1992B] \nConnector \"example\": sources: example\\mutations.gql [1243B] example\\queries.gql [1801B] \n"}}
[debug] [2026-04-09T05:41:58.193Z] Ignoring unsupported arg: auto_download {"metadata":{"emulator":{"name":"dataconnect"},"message":"Ignoring unsupported arg: auto_download"}}
[debug] [2026-04-09T05:41:58.194Z] Ignoring unsupported arg: port {"metadata":{"emulator":{"name":"dataconnect"},"message":"Ignoring unsupported arg: port"}}
[debug] [2026-04-09T05:41:58.236Z] Starting Data Connect Emulator with command {"binary":"C:\\Users\\Sharon raj\\.cache\\firebase\\emulators\\dataconnect-emulator-3.3.1.exe","args":["--logtostderr","-v=2","dev","--listen=localhost:50001","--config_dir=c:\\Users\\Sharon raj\\OneDrive\\Desktop\\aesthetiq-patient-native\\dataconnect","--enable_output_schema_extensions=true","--enable_output_generated_sdk=true"],"optionalArgs":["listen","config_dir","enable_output_schema_extensions","enable_output_generated_sdk"],"joinArgs":true,"shell":false,"port":9399} {"metadata":{"emulator":{"name":"dataconnect"},"message":"Starting Data Connect Emulator with command {\"binary\":\"C:\\\\Users\\\\Sharon raj\\\\.cache\\\\firebase\\\\emulators\\\\dataconnect-emulator-3.3.1.exe\",\"args\":[\"--logtostderr\",\"-v=2\",\"dev\",\"--listen=localhost:50001\",\"--config_dir=c:\\\\Users\\\\Sharon raj\\\\OneDrive\\\\Desktop\\\\aesthetiq-patient-native\\\\dataconnect\",\"--enable_output_schema_extensions=true\",\"--enable_output_generated_sdk=true\"],\"optionalArgs\":[\"listen\",\"config_dir\",\"enable_output_schema_extensions\",\"enable_output_generated_sdk\"],\"joinArgs\":true,\"shell\":false,\"port\":9399}"}}
[info] i  dataconnect: Data Connect Emulator logging to dataconnect-debug.log {"metadata":{"emulator":{"name":"dataconnect"},"message":"Data Connect Emulator logging to \u001b[1mdataconnect-debug.log\u001b[22m"}}
[debug] [2026-04-09T05:41:59.504Z] I0409 11:11:58.948422   22116 load.go:31] Reloading schema and connectors...
I0409 11:11:58.998153   22116 control.go:100] [projects/emulator/locations/emulator/services/aesthetiq-patient-native bb6f] UpdateResources(): done
Main schema: sources: schema\schema.gql [1992B] 
Connector "example": sources: example\mutations.gql [1243B] example\queries.gql [1801B] 
I0409 11:11:59.046848   22116 codegen.go:101] [connector "example" javascriptSdk] Generating sources into "c:\\Users\\Sharon raj\\OneDrive\\Desktop\\aesthetiq-patient-native\\src\\dataconnect-generated"
I0409 11:11:59.093734   22116 collector.go:107] schema extensions wrote into "c:\\Users\\Sharon raj\\OneDrive\\Desktop\\aesthetiq-patient-native\\dataconnect\\.dataconnect\\schema"
Generated sources: prelude.gql [80888B] main\query.gql [5099B] main\mutation.gql [13679B] main\implicit.gql [1261B] main\input.gql [28927B] main\relation.gql [14318B] 
I0409 11:11:59.105187   22116 collector.go:107] connector "example" javascriptSdk wrote into "c:\\Users\\Sharon raj\\OneDrive\\Desktop\\aesthetiq-patient-native\\src\\dataconnect-generated"
Generated sources: README.md [41235B] react\index.cjs.js [3439B] index.d.ts [8350B] esm\package.json [17B] index.cjs.js [5649B] react\README.md [48299B] .guides/setup.md [1682B] .guides/config.json [236B] react\esm\package.json [17B] react\esm\index.esm.js [3269B] .guides/usage.md [3489B] esm\index.esm.js [5149B] package.json [853B] react\index.d.ts [3961B] react\package.json [460B] 
I0409 11:11:59.307164   22116 installsdk.go:55] Package @dataconnect/generated is already installed. Skipping installation
I0409 11:11:59.307164   22116 load.go:109] Finished reloading
I0409 11:11:59.381125   22116 dev.go:104] Listening on address (HTTP + gRPC): 127.0.0.1:50001
 {"metadata":{"emulator":{"name":"dataconnect"},"message":"I0409 11:11:58.948422   22116 load.go:31] Reloading schema and connectors...\nI0409 11:11:58.998153   22116 control.go:100] [projects/emulator/locations/emulator/services/aesthetiq-patient-native bb6f] UpdateResources(): done\nMain schema: sources: schema\\schema.gql [1992B] \nConnector \"example\": sources: example\\mutations.gql [1243B] example\\queries.gql [1801B] \nI0409 11:11:59.046848   22116 codegen.go:101] [connector \"example\" javascriptSdk] Generating sources into \"c:\\\\Users\\\\Sharon raj\\\\OneDrive\\\\Desktop\\\\aesthetiq-patient-native\\\\src\\\\dataconnect-generated\"\nI0409 11:11:59.093734   22116 collector.go:107] schema extensions wrote into \"c:\\\\Users\\\\Sharon raj\\\\OneDrive\\\\Desktop\\\\aesthetiq-patient-native\\\\dataconnect\\\\.dataconnect\\\\schema\"\nGenerated sources: prelude.gql [80888B] main\\query.gql [5099B] main\\mutation.gql [13679B] main\\implicit.gql [1261B] main\\input.gql [28927B] main\\relation.gql [14318B] \nI0409 11:11:59.105187   22116 collector.go:107] connector \"example\" javascriptSdk wrote into \"c:\\\\Users\\\\Sharon raj\\\\OneDrive\\\\Desktop\\\\aesthetiq-patient-native\\\\src\\\\dataconnect-generated\"\nGenerated sources: README.md [41235B] react\\index.cjs.js [3439B] index.d.ts [8350B] esm\\package.json [17B] index.cjs.js [5649B] react\\README.md [48299B] .guides/setup.md [1682B] .guides/config.json [236B] react\\esm\\package.json [17B] react\\esm\\index.esm.js [3269B] .guides/usage.md [3489B] esm\\index.esm.js [5149B] package.json [853B] react\\index.d.ts [3961B] react\\package.json [460B] \nI0409 11:11:59.307164   22116 installsdk.go:55] Package @dataconnect/generated is already installed. Skipping installation\nI0409 11:11:59.307164   22116 load.go:109] Finished reloading\nI0409 11:11:59.381125   22116 dev.go:104] Listening on address (HTTP + gRPC): 127.0.0.1:50001\n"}}
[debug] [2026-04-09T05:42:10.234Z] I0409 11:12:04.863582   22116 engine.go:209] [projects/emulator/locations/emulator/services/aesthetiq-patient-native bb6f] ExecuteGraphqlRead query IntrospectionQuery: succeeded. 
 {"metadata":{"emulator":{"name":"dataconnect"},"message":"I0409 11:12:04.863582   22116 engine.go:209] [projects/emulator/locations/emulator/services/aesthetiq-patient-native bb6f] ExecuteGraphqlRead query IntrospectionQuery: succeeded. \n"}}
[debug] [2026-04-09T05:42:10.289Z] *** [apiv2] error from fetch(https://firebase.googleapis.com/v1beta1/projects?pageSize=1000, {"headers":{},"method":"GET","signal":{"reason":""}}): FetchError: request to https://firebase.googleapis.com/v1beta1/projects?pageSize=1000 failed, reason: Client network socket disconnected before secure TLS connection was established
[debug] [2026-04-09T05:42:10.298Z] Failed to make request to https://firebase.googleapis.com/v1beta1/projects?pageSize=1000
[debug] [2026-04-12T08:31:18.204Z] [Firebase Plugin] Activating Firebase extension.
[debug] [2026-04-12T08:31:34.287Z] [Firebase Plugin] requireAuthWrapper
[debug] [2026-04-12T08:31:34.407Z] > command requires scopes: ["email","openid","https://www.googleapis.com/auth/cloudplatformprojects.readonly","https://www.googleapis.com/auth/firebase","https://www.googleapis.com/auth/cloud-platform"]
[debug] [2026-04-12T08:31:34.408Z] > authorizing via signed-in user (sharonraj2770@gmail.com)
[debug] [2026-04-12T08:31:34.773Z] Checked if tokens are valid: false, expires at: 1775715542432
[debug] [2026-04-12T08:31:35.037Z] Checked if tokens are valid: false, expires at: 1775715542432
[debug] [2026-04-12T08:31:35.210Z] > refreshing access token with scopes: []
[debug] [2026-04-12T08:31:35.373Z] >>> [apiv2][query] POST https://www.googleapis.com/oauth2/v3/token [none]
[debug] [2026-04-12T08:31:35.477Z] >>> [apiv2][body] POST https://www.googleapis.com/oauth2/v3/token [omitted]
[debug] [2026-04-12T08:31:37.065Z] [Firebase Plugin] VSCode notification server listening on port 40001
[info] [Firebase Plugin] Starting Data Connect toolkit (version 3.3.1) on port 50001
[debug] [2026-04-12T08:32:27.100Z] I0412 14:02:23.152707   19200 control.go:100] [projects/emulator/locations/emulator/services/aesthetiq-patient-native c70d] UpdateResources(): done
Main schema: sources: schema\schema.gql [1992B] 
Connector "example": sources: example\mutations.gql [1243B] example\queries.gql [1801B] 
 {"metadata":{"emulator":{"name":"dataconnect"},"message":"I0412 14:02:23.152707   19200 control.go:100] [projects/emulator/locations/emulator/services/aesthetiq-patient-native c70d] UpdateResources(): done\nMain schema: sources: schema\\schema.gql [1992B] \nConnector \"example\": sources: example\\mutations.gql [1243B] example\\queries.gql [1801B] \n"}}
[debug] [2026-04-12T08:32:27.218Z] Ignoring unsupported arg: auto_download {"metadata":{"emulator":{"name":"dataconnect"},"message":"Ignoring unsupported arg: auto_download"}}
[debug] [2026-04-12T08:32:27.252Z] Ignoring unsupported arg: port {"metadata":{"emulator":{"name":"dataconnect"},"message":"Ignoring unsupported arg: port"}}
[debug] [2026-04-12T08:32:27.253Z] Starting Data Connect Emulator with command {"binary":"C:\\Users\\Sharon raj\\.cache\\firebase\\emulators\\dataconnect-emulator-3.3.1.exe","args":["--logtostderr","-v=2","dev","--listen=localhost:50001","--config_dir=c:\\Users\\Sharon raj\\OneDrive\\Desktop\\aesthetiq-patient-native\\dataconnect","--enable_output_schema_extensions=true","--enable_output_generated_sdk=true"],"optionalArgs":["listen","config_dir","enable_output_schema_extensions","enable_output_generated_sdk"],"joinArgs":true,"shell":false,"port":9399} {"metadata":{"emulator":{"name":"dataconnect"},"message":"Starting Data Connect Emulator with command {\"binary\":\"C:\\\\Users\\\\Sharon raj\\\\.cache\\\\firebase\\\\emulators\\\\dataconnect-emulator-3.3.1.exe\",\"args\":[\"--logtostderr\",\"-v=2\",\"dev\",\"--listen=localhost:50001\",\"--config_dir=c:\\\\Users\\\\Sharon raj\\\\OneDrive\\\\Desktop\\\\aesthetiq-patient-native\\\\dataconnect\",\"--enable_output_schema_extensions=true\",\"--enable_output_generated_sdk=true\"],\"optionalArgs\":[\"listen\",\"config_dir\",\"enable_output_schema_extensions\",\"enable_output_generated_sdk\"],\"joinArgs\":true,\"shell\":false,\"port\":9399}"}}
[info] i  dataconnect: Data Connect Emulator logging to dataconnect-debug.log {"metadata":{"emulator":{"name":"dataconnect"},"message":"Data Connect Emulator logging to \u001b[1mdataconnect-debug.log\u001b[22m"}}
[debug] [2026-04-12T08:32:37.940Z] I0412 14:02:27.718484   12924 load.go:31] Reloading schema and connectors...
I0412 14:02:27.772805   12924 control.go:100] [projects/emulator/locations/emulator/services/aesthetiq-patient-native 9aec] UpdateResources(): done
Main schema: sources: schema\schema.gql [1992B] 
Connector "example": sources: example\mutations.gql [1243B] example\queries.gql [1801B] 
I0412 14:02:27.812310   12924 codegen.go:101] [connector "example" javascriptSdk] Generating sources into "c:\\Users\\Sharon raj\\OneDrive\\Desktop\\aesthetiq-patient-native\\src\\dataconnect-generated"
I0412 14:02:27.870346   12924 collector.go:107] schema extensions wrote into "c:\\Users\\Sharon raj\\OneDrive\\Desktop\\aesthetiq-patient-native\\dataconnect\\.dataconnect\\schema"
Generated sources: main\relation.gql [14318B] main\query.gql [5099B] main\mutation.gql [13679B] prelude.gql [80888B] main\implicit.gql [1261B] main\input.gql [28927B] 
I0412 14:02:27.929491   12924 collector.go:107] connector "example" javascriptSdk wrote into "c:\\Users\\Sharon raj\\OneDrive\\Desktop\\aesthetiq-patient-native\\src\\dataconnect-generated"
Generated sources: index.d.ts [8350B] esm\index.esm.js [5149B] package.json [853B] react\index.d.ts [3961B] index.cjs.js [5649B] README.md [41235B] react\esm\package.json [17B] react\esm\index.esm.js [3269B] .guides/setup.md [1682B] .guides/config.json [236B] react\index.cjs.js [3439B] .guides/usage.md [3489B] esm\package.json [17B] react\package.json [460B] react\README.md [48299B] 
I0412 14:02:27.975604   12924 installsdk.go:55] Package @dataconnect/generated is already installed. Skipping installation
I0412 14:02:27.976134   12924 load.go:109] Finished reloading
I0412 14:02:27.991371   12924 dev.go:104] Listening on address (HTTP + gRPC): 127.0.0.1:50001
 {"metadata":{"emulator":{"name":"dataconnect"},"message":"I0412 14:02:27.718484   12924 load.go:31] Reloading schema and connectors...\nI0412 14:02:27.772805   12924 control.go:100] [projects/emulator/locations/emulator/services/aesthetiq-patient-native 9aec] UpdateResources(): done\nMain schema: sources: schema\\schema.gql [1992B] \nConnector \"example\": sources: example\\mutations.gql [1243B] example\\queries.gql [1801B] \nI0412 14:02:27.812310   12924 codegen.go:101] [connector \"example\" javascriptSdk] Generating sources into \"c:\\\\Users\\\\Sharon raj\\\\OneDrive\\\\Desktop\\\\aesthetiq-patient-native\\\\src\\\\dataconnect-generated\"\nI0412 14:02:27.870346   12924 collector.go:107] schema extensions wrote into \"c:\\\\Users\\\\Sharon raj\\\\OneDrive\\\\Desktop\\\\aesthetiq-patient-native\\\\dataconnect\\\\.dataconnect\\\\schema\"\nGenerated sources: main\\relation.gql [14318B] main\\query.gql [5099B] main\\mutation.gql [13679B] prelude.gql [80888B] main\\implicit.gql [1261B] main\\input.gql [28927B] \nI0412 14:02:27.929491   12924 collector.go:107] connector \"example\" javascriptSdk wrote into \"c:\\\\Users\\\\Sharon raj\\\\OneDrive\\\\Desktop\\\\aesthetiq-patient-native\\\\src\\\\dataconnect-generated\"\nGenerated sources: index.d.ts [8350B] esm\\index.esm.js [5149B] package.json [853B] react\\index.d.ts [3961B] index.cjs.js [5649B] README.md [41235B] react\\esm\\package.json [17B] react\\esm\\index.esm.js [3269B] .guides/setup.md [1682B] .guides/config.json [236B] react\\index.cjs.js [3439B] .guides/usage.md [3489B] esm\\package.json [17B] react\\package.json [460B] react\\README.md [48299B] \nI0412 14:02:27.975604   12924 installsdk.go:55] Package @dataconnect/generated is already installed. Skipping installation\nI0412 14:02:27.976134   12924 load.go:109] Finished reloading\nI0412 14:02:27.991371   12924 dev.go:104] Listening on address (HTTP + gRPC): 127.0.0.1:50001\n"}}
[debug] [2026-04-12T08:32:37.955Z] *** [apiv2] error from fetch(https://www.googleapis.com/oauth2/v3/token, {"headers":{},"method":"POST","body":{"_overheadLength":545,"_valueLength":212,"_valuesToMeasure":[],"writable":false,"readable":true,"dataSize":0,"maxDataSize":2097152,"pauseStreams":true,"_released":true,"_streams":[],"_currentStream":null,"_insideLoop":false,"_pendingNext":false,"_boundary":"--------------------------2c2a1068c2267da84605d3b6","_events":{},"_eventsCount":1}}): FetchError: request to https://www.googleapis.com/oauth2/v3/token failed, reason: read ECONNRESET
[error] Authentication Error: Your credentials are no longer valid. Please run firebase login --reauth

For CI servers and headless environments, generate a new token with firebase login:ci
[error] [Firebase Plugin] requireAuth error: Authentication Error: Your credentials are no longer valid. Please run firebase login --reauth

For CI servers and headless environments, generate a new token with firebase login:ci
[info] [Firebase Plugin] Stopping Data Connect toolkit
[warn] !  Data Connect Emulator has exited upon receiving signal: SIGINT 
[debug] [2026-04-18T07:15:58.867Z] [Firebase Plugin] Activating Firebase extension.
[info] [Firebase Plugin] Unable to check firebase-tools installation: TypeError: fetch failed
[debug] [2026-04-18T07:15:59.923Z] [Firebase Plugin] requireAuthWrapper
[debug] [2026-04-18T07:15:59.936Z] > command requires scopes: ["email","openid","https://www.googleapis.com/auth/cloudplatformprojects.readonly","https://www.googleapis.com/auth/firebase","https://www.googleapis.com/auth/cloud-platform"]
[debug] [2026-04-18T07:15:59.941Z] > authorizing via signed-in user (sharonraj2770@gmail.com)
[debug] [2026-04-18T07:15:59.951Z] Checked if tokens are valid: false, expires at: 1776358986335
[debug] [2026-04-18T07:15:59.952Z] Checked if tokens are valid: false, expires at: 1776358986335
[debug] [2026-04-18T07:15:59.954Z] > refreshing access token with scopes: []
[debug] [2026-04-18T07:15:59.958Z] >>> [apiv2][query] POST https://www.googleapis.com/oauth2/v3/token [none]
[debug] [2026-04-18T07:15:59.960Z] >>> [apiv2][body] POST https://www.googleapis.com/oauth2/v3/token [omitted]
[debug] [2026-04-18T07:16:00.218Z] *** [apiv2] error from fetch(https://www.googleapis.com/oauth2/v3/token, {"headers":{},"method":"POST","body":{"_overheadLength":545,"_valueLength":212,"_valuesToMeasure":[],"writable":false,"readable":true,"dataSize":0,"maxDataSize":2097152,"pauseStreams":true,"_released":true,"_streams":[],"_currentStream":null,"_insideLoop":false,"_pendingNext":false,"_boundary":"--------------------------aabc24e294606c8a0c97802a","_events":{},"_eventsCount":1}}): FetchError: request to https://www.googleapis.com/oauth2/v3/token failed, reason: getaddrinfo ENOTFOUND www.googleapis.com
[error] Authentication Error: Your credentials are no longer valid. Please run firebase login --reauth

For CI servers and headless environments, generate a new token with firebase login:ci
[error] [Firebase Plugin] requireAuth error: Authentication Error: Your credentials are no longer valid. Please run firebase login --reauth

For CI servers and headless environments, generate a new token with firebase login:ci
[info] [Firebase Plugin] Starting Data Connect toolkit (version 3.3.1) on port 50001
[debug] [2026-04-18T07:16:01.465Z] I0418 12:46:01.437697   20272 control.go:100] [projects/emulator/locations/emulator/services/aesthetiq-patient-native 586a] UpdateResources(): done
Main schema: sources: schema\schema.gql [1992B] 
Connector "example": sources: example\mutations.gql [1243B] example\queries.gql [1801B] 
 {"metadata":{"emulator":{"name":"dataconnect"},"message":"I0418 12:46:01.437697   20272 control.go:100] [projects/emulator/locations/emulator/services/aesthetiq-patient-native 586a] UpdateResources(): done\nMain schema: sources: schema\\schema.gql [1992B] \nConnector \"example\": sources: example\\mutations.gql [1243B] example\\queries.gql [1801B] \n"}}
[debug] [2026-04-18T07:16:01.467Z] Ignoring unsupported arg: auto_download {"metadata":{"emulator":{"name":"dataconnect"},"message":"Ignoring unsupported arg: auto_download"}}
[debug] [2026-04-18T07:16:01.467Z] Ignoring unsupported arg: port {"metadata":{"emulator":{"name":"dataconnect"},"message":"Ignoring unsupported arg: port"}}
[debug] [2026-04-18T07:16:01.468Z] Starting Data Connect Emulator with command {"binary":"C:\\Users\\Sharon raj\\.cache\\firebase\\emulators\\dataconnect-emulator-3.3.1.exe","args":["--logtostderr","-v=2","dev","--listen=localhost:50001","--config_dir=c:\\Users\\Sharon raj\\OneDrive\\Desktop\\aesthetiq-patient-native\\dataconnect","--enable_output_schema_extensions=true","--enable_output_generated_sdk=true"],"optionalArgs":["listen","config_dir","enable_output_schema_extensions","enable_output_generated_sdk"],"joinArgs":true,"shell":false,"port":9399} {"metadata":{"emulator":{"name":"dataconnect"},"message":"Starting Data Connect Emulator with command {\"binary\":\"C:\\\\Users\\\\Sharon raj\\\\.cache\\\\firebase\\\\emulators\\\\dataconnect-emulator-3.3.1.exe\",\"args\":[\"--logtostderr\",\"-v=2\",\"dev\",\"--listen=localhost:50001\",\"--config_dir=c:\\\\Users\\\\Sharon raj\\\\OneDrive\\\\Desktop\\\\aesthetiq-patient-native\\\\dataconnect\",\"--enable_output_schema_extensions=true\",\"--enable_output_generated_sdk=true\"],\"optionalArgs\":[\"listen\",\"config_dir\",\"enable_output_schema_extensions\",\"enable_output_generated_sdk\"],\"joinArgs\":true,\"shell\":false,\"port\":9399}"}}
[info] i  dataconnect: Data Connect Emulator logging to dataconnect-debug.log {"metadata":{"emulator":{"name":"dataconnect"},"message":"Data Connect Emulator logging to \u001b[1mdataconnect-debug.log\u001b[22m"}}
[debug] [2026-04-18T07:16:01.570Z] I0418 12:46:01.562142   19488 load.go:31] Reloading schema and connectors...
 {"metadata":{"emulator":{"name":"dataconnect"},"message":"I0418 12:46:01.562142   19488 load.go:31] Reloading schema and connectors...\n"}}
[debug] [2026-04-18T07:16:01.655Z] I0418 12:46:01.616110   19488 control.go:100] [projects/emulator/locations/emulator/services/aesthetiq-patient-native 52ca] UpdateResources(): done
Main schema: sources: schema\schema.gql [1992B] 
Connector "example": sources: example\mutations.gql [1243B] example\queries.gql [1801B] 
 {"metadata":{"emulator":{"name":"dataconnect"},"message":"I0418 12:46:01.616110   19488 control.go:100] [projects/emulator/locations/emulator/services/aesthetiq-patient-native 52ca] UpdateResources(): done\nMain schema: sources: schema\\schema.gql [1992B] \nConnector \"example\": sources: example\\mutations.gql [1243B] example\\queries.gql [1801B] \n"}}
[debug] [2026-04-18T07:16:01.677Z] I0418 12:46:01.673125   19488 codegen.go:101] [connector "example" javascriptSdk] Generating sources into "c:\\Users\\Sharon raj\\OneDrive\\Desktop\\aesthetiq-patient-native\\src\\dataconnect-generated"
 {"metadata":{"emulator":{"name":"dataconnect"},"message":"I0418 12:46:01.673125   19488 codegen.go:101] [connector \"example\" javascriptSdk] Generating sources into \"c:\\\\Users\\\\Sharon raj\\\\OneDrive\\\\Desktop\\\\aesthetiq-patient-native\\\\src\\\\dataconnect-generated\"\n"}}
[debug] [2026-04-18T07:16:01.828Z] I0418 12:46:01.785258   19488 collector.go:107] schema extensions wrote into "c:\\Users\\Sharon raj\\OneDrive\\Desktop\\aesthetiq-patient-native\\dataconnect\\.dataconnect\\schema"
Generated sources: main\relation.gql [14318B] prelude.gql [80888B] main\query.gql [5099B] main\mutation.gql [13679B] main\implicit.gql [1261B] main\input.gql [28927B] 
I0418 12:46:01.800091   19488 collector.go:107] connector "example" javascriptSdk wrote into "c:\\Users\\Sharon raj\\OneDrive\\Desktop\\aesthetiq-patient-native\\src\\dataconnect-generated"
Generated sources: esm\package.json [17B] react\esm\package.json [17B] react\esm\index.esm.js [3269B] index.cjs.js [5649B] react\README.md [48299B] .guides/setup.md [1682B] .guides/config.json [236B] esm\index.esm.js [5149B] package.json [853B] README.md [41235B] react\index.d.ts [3961B] react\package.json [460B] react\index.cjs.js [3439B] index.d.ts [8350B] .guides/usage.md [3489B] 
 {"metadata":{"emulator":{"name":"dataconnect"},"message":"I0418 12:46:01.785258   19488 collector.go:107] schema extensions wrote into \"c:\\\\Users\\\\Sharon raj\\\\OneDrive\\\\Desktop\\\\aesthetiq-patient-native\\\\dataconnect\\\\.dataconnect\\\\schema\"\nGenerated sources: main\\relation.gql [14318B] prelude.gql [80888B] main\\query.gql [5099B] main\\mutation.gql [13679B] main\\implicit.gql [1261B] main\\input.gql [28927B] \nI0418 12:46:01.800091   19488 collector.go:107] connector \"example\" javascriptSdk wrote into \"c:\\\\Users\\\\Sharon raj\\\\OneDrive\\\\Desktop\\\\aesthetiq-patient-native\\\\src\\\\dataconnect-generated\"\nGenerated sources: esm\\package.json [17B] react\\esm\\package.json [17B] react\\esm\\index.esm.js [3269B] index.cjs.js [5649B] react\\README.md [48299B] .guides/setup.md [1682B] .guides/config.json [236B] esm\\index.esm.js [5149B] package.json [853B] README.md [41235B] react\\index.d.ts [3961B] react\\package.json [460B] react\\index.cjs.js [3439B] index.d.ts [8350B] .guides/usage.md [3489B] \n"}}
[debug] [2026-04-18T07:16:02.026Z] I0418 12:46:01.922195   19488 installsdk.go:55] Package @dataconnect/generated is already installed. Skipping installation
I0418 12:46:01.922732   19488 load.go:109] Finished reloading
I0418 12:46:01.942302   19488 dev.go:104] Listening on address (HTTP + gRPC): 127.0.0.1:50001
 {"metadata":{"emulator":{"name":"dataconnect"},"message":"I0418 12:46:01.922195   19488 installsdk.go:55] Package @dataconnect/generated is already installed. Skipping installation\nI0418 12:46:01.922732   19488 load.go:109] Finished reloading\nI0418 12:46:01.942302   19488 dev.go:104] Listening on address (HTTP + gRPC): 127.0.0.1:50001\n"}}
[debug] [2026-04-18T07:16:02.659Z] I0418 12:46:02.656616   19488 engine.go:209] [projects/emulator/locations/emulator/services/aesthetiq-patient-native 52ca] ExecuteGraphqlRead query IntrospectionQuery: succeeded. 
 {"metadata":{"emulator":{"name":"dataconnect"},"message":"I0418 12:46:02.656616   19488 engine.go:209] [projects/emulator/locations/emulator/services/aesthetiq-patient-native 52ca] ExecuteGraphqlRead query IntrospectionQuery: succeeded. \n"}}
[info] [Firebase Plugin] Stopping Data Connect toolkit
[warn] !  Data Connect Emulator has exited upon receiving signal: SIGINT 
[debug] [2026-04-24T07:54:22.854Z] [Firebase Plugin] Activating Firebase extension.
[info] [Firebase Plugin] Unable to check firebase-tools installation: TypeError: fetch failed
[debug] [2026-04-24T07:54:56.114Z] [Firebase Plugin] requireAuthWrapper
[debug] [2026-04-24T07:54:56.151Z] > command requires scopes: ["email","openid","https://www.googleapis.com/auth/cloudplatformprojects.readonly","https://www.googleapis.com/auth/firebase","https://www.googleapis.com/auth/cloud-platform"]
[debug] [2026-04-24T07:54:56.153Z] > authorizing via signed-in user (sharonraj2770@gmail.com)
[debug] [2026-04-24T07:54:56.167Z] Checked if tokens are valid: false, expires at: 1776951616111
[debug] [2026-04-24T07:54:56.168Z] Checked if tokens are valid: false, expires at: 1776951616111
[debug] [2026-04-24T07:54:56.170Z] > refreshing access token with scopes: []
[debug] [2026-04-24T07:54:56.177Z] >>> [apiv2][query] POST https://www.googleapis.com/oauth2/v3/token [none]
[debug] [2026-04-24T07:54:56.178Z] >>> [apiv2][body] POST https://www.googleapis.com/oauth2/v3/token [omitted]
[debug] [2026-04-24T07:54:56.232Z] [Firebase Plugin] VSCode notification server listening on port 40001
[info] [Firebase Plugin] Starting SQL Connect toolkit (version 3.4.5) on port 50001
[debug] [2026-04-24T07:54:59.678Z] I0424 13:24:59.628164   43144 control.go:100] [projects/emulator/locations/emulator/services/aesthetiq-patient-native d9a3] UpdateResources(): done
Main schema: sources: schema\schema.gql [1992B] 
Connector "example": sources: example\mutations.gql [1243B] example\queries.gql [1801B] 
 {"metadata":{"emulator":{"name":"dataconnect"},"message":"I0424 13:24:59.628164   43144 control.go:100] [projects/emulator/locations/emulator/services/aesthetiq-patient-native d9a3] UpdateResources(): done\nMain schema: sources: schema\\schema.gql [1992B] \nConnector \"example\": sources: example\\mutations.gql [1243B] example\\queries.gql [1801B] \n"}}
[debug] [2026-04-24T07:54:59.683Z] Ignoring unsupported arg: auto_download {"metadata":{"emulator":{"name":"dataconnect"},"message":"Ignoring unsupported arg: auto_download"}}
[debug] [2026-04-24T07:54:59.684Z] Ignoring unsupported arg: port {"metadata":{"emulator":{"name":"dataconnect"},"message":"Ignoring unsupported arg: port"}}
[debug] [2026-04-24T07:54:59.685Z] Starting SQL Connect Emulator with command {"binary":"C:\\Users\\Sharon raj\\.cache\\firebase\\emulators\\dataconnect-emulator-3.4.5.exe","args":["--logtostderr","-v=2","dev","--listen=localhost:50001","--config_dir=c:\\Users\\Sharon raj\\OneDrive\\Desktop\\aesthetiq-patient-native\\dataconnect","--enable_output_schema_extensions=true","--enable_output_generated_sdk=true"],"optionalArgs":["listen","config_dir","enable_output_schema_extensions","enable_output_generated_sdk"],"joinArgs":true,"shell":false,"port":9399} {"metadata":{"emulator":{"name":"dataconnect"},"message":"Starting SQL Connect Emulator with command {\"binary\":\"C:\\\\Users\\\\Sharon raj\\\\.cache\\\\firebase\\\\emulators\\\\dataconnect-emulator-3.4.5.exe\",\"args\":[\"--logtostderr\",\"-v=2\",\"dev\",\"--listen=localhost:50001\",\"--config_dir=c:\\\\Users\\\\Sharon raj\\\\OneDrive\\\\Desktop\\\\aesthetiq-patient-native\\\\dataconnect\",\"--enable_output_schema_extensions=true\",\"--enable_output_generated_sdk=true\"],\"optionalArgs\":[\"listen\",\"config_dir\",\"enable_output_schema_extensions\",\"enable_output_generated_sdk\"],\"joinArgs\":true,\"shell\":false,\"port\":9399}"}}
[info] i  dataconnect: SQL Connect Emulator logging to dataconnect-debug.log {"metadata":{"emulator":{"name":"dataconnect"},"message":"SQL Connect Emulator logging to \u001b[1mdataconnect-debug.log\u001b[22m"}}
[debug] [2026-04-24T07:55:00.240Z] I0424 13:24:59.811005   28176 load.go:31] Reloading schema and connectors...
I0424 13:24:59.858925   28176 control.go:100] [projects/emulator/locations/emulator/services/aesthetiq-patient-native df16] UpdateResources(): done
Main schema: sources: schema\schema.gql [1992B] 
Connector "example": sources: example\mutations.gql [1243B] example\queries.gql [1801B] 
I0424 13:24:59.907842   28176 codegen.go:101] [connector "example" javascriptSdk] Generating sources into "c:\\Users\\Sharon raj\\OneDrive\\Desktop\\aesthetiq-patient-native\\src\\dataconnect-generated"
I0424 13:24:59.960001   28176 collector.go:107] schema extensions wrote into "c:\\Users\\Sharon raj\\OneDrive\\Desktop\\aesthetiq-patient-native\\dataconnect\\.dataconnect\\schema"
Generated sources: main\input.gql [28927B] main\relation.gql [14318B] main\query.gql [5099B] main\mutation.gql [13679B] prelude.gql [82799B] main\implicit.gql [1261B] 
I0424 13:24:59.971484   28176 collector.go:107] connector "example" javascriptSdk wrote into "c:\\Users\\Sharon raj\\OneDrive\\Desktop\\aesthetiq-patient-native\\src\\dataconnect-generated"
Generated sources: .guides/config.json [236B] index.d.ts [8350B] esm\index.esm.js [5149B] react\esm\index.esm.js [3269B] .guides/setup.md [1682B] index.cjs.js [5649B] README.md [41235B] react\index.d.ts [3961B] react\package.json [460B] react\esm\package.json [17B] react\index.cjs.js [3439B] react\README.md [48299B] .guides/usage.md [3489B] esm\package.json [17B] package.json [853B] 
I0424 13:25:00.055811   28176 installsdk.go:55] Package @dataconnect/generated is already installed. Skipping installation
I0424 13:25:00.056618   28176 load.go:109] Finished reloading
I0424 13:25:00.183476   28176 dev.go:104] Listening on address (HTTP + gRPC): 127.0.0.1:50001
 {"metadata":{"emulator":{"name":"dataconnect"},"message":"I0424 13:24:59.811005   28176 load.go:31] Reloading schema and connectors...\nI0424 13:24:59.858925   28176 control.go:100] [projects/emulator/locations/emulator/services/aesthetiq-patient-native df16] UpdateResources(): done\nMain schema: sources: schema\\schema.gql [1992B] \nConnector \"example\": sources: example\\mutations.gql [1243B] example\\queries.gql [1801B] \nI0424 13:24:59.907842   28176 codegen.go:101] [connector \"example\" javascriptSdk] Generating sources into \"c:\\\\Users\\\\Sharon raj\\\\OneDrive\\\\Desktop\\\\aesthetiq-patient-native\\\\src\\\\dataconnect-generated\"\nI0424 13:24:59.960001   28176 collector.go:107] schema extensions wrote into \"c:\\\\Users\\\\Sharon raj\\\\OneDrive\\\\Desktop\\\\aesthetiq-patient-native\\\\dataconnect\\\\.dataconnect\\\\schema\"\nGenerated sources: main\\input.gql [28927B] main\\relation.gql [14318B] main\\query.gql [5099B] main\\mutation.gql [13679B] prelude.gql [82799B] main\\implicit.gql [1261B] \nI0424 13:24:59.971484   28176 collector.go:107] connector \"example\" javascriptSdk wrote into \"c:\\\\Users\\\\Sharon raj\\\\OneDrive\\\\Desktop\\\\aesthetiq-patient-native\\\\src\\\\dataconnect-generated\"\nGenerated sources: .guides/config.json [236B] index.d.ts [8350B] esm\\index.esm.js [5149B] react\\esm\\index.esm.js [3269B] .guides/setup.md [1682B] index.cjs.js [5649B] README.md [41235B] react\\index.d.ts [3961B] react\\package.json [460B] react\\esm\\package.json [17B] react\\index.cjs.js [3439B] react\\README.md [48299B] .guides/usage.md [3489B] esm\\package.json [17B] package.json [853B] \nI0424 13:25:00.055811   28176 installsdk.go:55] Package @dataconnect/generated is already installed. Skipping installation\nI0424 13:25:00.056618   28176 load.go:109] Finished reloading\nI0424 13:25:00.183476   28176 dev.go:104] Listening on address (HTTP + gRPC): 127.0.0.1:50001\n"}}
[debug] [2026-04-24T07:55:03.578Z] <<< [apiv2][status] POST https://www.googleapis.com/oauth2/v3/token 200
[debug] [2026-04-24T07:55:03.579Z] <<< [apiv2][body] POST https://www.googleapis.com/oauth2/v3/token [omitted]
[debug] [2026-04-24T07:55:03.673Z] [Firebase Plugin] User found:  sharonraj2770@gmail.com
[info] [Firebase Plugin] (Core:Project) New user detected, fetching projects
[debug] [2026-04-24T07:55:03.678Z] Checked if tokens are valid: true, expires at: 1777020902580
[debug] [2026-04-24T07:55:03.680Z] >>> [apiv2][query] GET https://firebase.googleapis.com/v1beta1/projects pageSize=1000
[debug] [2026-04-24T07:55:04.225Z] I0424 13:25:04.098359   28176 engine.go:209] [projects/emulator/locations/emulator/services/aesthetiq-patient-native df16] ExecuteGraphqlRead query IntrospectionQuery: succeeded. 
 {"metadata":{"emulator":{"name":"dataconnect"},"message":"I0424 13:25:04.098359   28176 engine.go:209] [projects/emulator/locations/emulator/services/aesthetiq-patient-native df16] ExecuteGraphqlRead query IntrospectionQuery: succeeded. \n"}}
[debug] [2026-04-24T07:55:10.407Z] <<< [apiv2][status] GET https://firebase.googleapis.com/v1beta1/projects 200
[debug] [2026-04-24T07:55:10.408Z] <<< [apiv2][body] GET https://firebase.googleapis.com/v1beta1/projects [omitted]
[info] [Firebase Plugin] Stopping SQL Connect toolkit
[warn] !  SQL Connect Emulator has exited upon receiving signal: SIGINT 
[debug] [2026-04-25T19:32:51.231Z] [Firebase Plugin] Activating Firebase extension.
[info] [Firebase Plugin] Checked firebase-tools, is up to date!
[debug] [2026-04-25T19:33:11.362Z] [Firebase Plugin] requireAuthWrapper
[debug] [2026-04-25T19:33:11.370Z] > command requires scopes: ["email","openid","https://www.googleapis.com/auth/cloudplatformprojects.readonly","https://www.googleapis.com/auth/firebase","https://www.googleapis.com/auth/cloud-platform"]
[debug] [2026-04-25T19:33:11.371Z] > authorizing via signed-in user (sharonraj2770@gmail.com)
[debug] [2026-04-25T19:33:11.378Z] Checked if tokens are valid: false, expires at: 1777108567550
[debug] [2026-04-25T19:33:11.378Z] Checked if tokens are valid: false, expires at: 1777108567550
[debug] [2026-04-25T19:33:11.378Z] > refreshing access token with scopes: []
[debug] [2026-04-25T19:33:11.381Z] >>> [apiv2][query] POST https://www.googleapis.com/oauth2/v3/token [none]
[debug] [2026-04-25T19:33:11.381Z] >>> [apiv2][body] POST https://www.googleapis.com/oauth2/v3/token [omitted]
[debug] [2026-04-25T19:33:11.395Z] [Firebase Plugin] VSCode notification server listening on port 40001
[info] [Firebase Plugin] Starting SQL Connect toolkit (version 3.4.5) on port 50001
[debug] [2026-04-25T19:33:12.705Z] I0426 01:03:12.683568   11216 control.go:100] [projects/emulator/locations/emulator/services/aesthetiq-patient-native c8af] UpdateResources(): done
Main schema: sources: schema\schema.gql [1992B] 
Connector "example": sources: example\mutations.gql [1243B] example\queries.gql [1801B] 
 {"metadata":{"emulator":{"name":"dataconnect"},"message":"I0426 01:03:12.683568   11216 control.go:100] [projects/emulator/locations/emulator/services/aesthetiq-patient-native c8af] UpdateResources(): done\nMain schema: sources: schema\\schema.gql [1992B] \nConnector \"example\": sources: example\\mutations.gql [1243B] example\\queries.gql [1801B] \n"}}
[debug] [2026-04-25T19:33:12.707Z] Ignoring unsupported arg: auto_download {"metadata":{"emulator":{"name":"dataconnect"},"message":"Ignoring unsupported arg: auto_download"}}
[debug] [2026-04-25T19:33:12.707Z] Ignoring unsupported arg: port {"metadata":{"emulator":{"name":"dataconnect"},"message":"Ignoring unsupported arg: port"}}
[debug] [2026-04-25T19:33:12.707Z] Starting SQL Connect Emulator with command {"binary":"C:\\Users\\Sharon raj\\.cache\\firebase\\emulators\\dataconnect-emulator-3.4.5.exe","args":["--logtostderr","-v=2","dev","--listen=localhost:50001","--config_dir=c:\\Users\\Sharon raj\\OneDrive\\Desktop\\aesthetiq-patient-native\\dataconnect","--enable_output_schema_extensions=true","--enable_output_generated_sdk=true"],"optionalArgs":["listen","config_dir","enable_output_schema_extensions","enable_output_generated_sdk"],"joinArgs":true,"shell":false,"port":9399} {"metadata":{"emulator":{"name":"dataconnect"},"message":"Starting SQL Connect Emulator with command {\"binary\":\"C:\\\\Users\\\\Sharon raj\\\\.cache\\\\firebase\\\\emulators\\\\dataconnect-emulator-3.4.5.exe\",\"args\":[\"--logtostderr\",\"-v=2\",\"dev\",\"--listen=localhost:50001\",\"--config_dir=c:\\\\Users\\\\Sharon raj\\\\OneDrive\\\\Desktop\\\\aesthetiq-patient-native\\\\dataconnect\",\"--enable_output_schema_extensions=true\",\"--enable_output_generated_sdk=true\"],\"optionalArgs\":[\"listen\",\"config_dir\",\"enable_output_schema_extensions\",\"enable_output_generated_sdk\"],\"joinArgs\":true,\"shell\":false,\"port\":9399}"}}
[info] i  dataconnect: SQL Connect Emulator logging to dataconnect-debug.log {"metadata":{"emulator":{"name":"dataconnect"},"message":"SQL Connect Emulator logging to \u001b[1mdataconnect-debug.log\u001b[22m"}}
[debug] [2026-04-25T19:33:12.776Z] I0426 01:03:12.754431   15468 load.go:31] Reloading schema and connectors...
I0426 01:03:12.773328   15468 control.go:100] [projects/emulator/locations/emulator/services/aesthetiq-patient-native 9d21] UpdateResources(): done
Main schema: sources: schema\schema.gql [1992B] 
Connector "example": sources: example\mutations.gql [1243B] example\queries.gql [1801B] 
 {"metadata":{"emulator":{"name":"dataconnect"},"message":"I0426 01:03:12.754431   15468 load.go:31] Reloading schema and connectors...\nI0426 01:03:12.773328   15468 control.go:100] [projects/emulator/locations/emulator/services/aesthetiq-patient-native 9d21] UpdateResources(): done\nMain schema: sources: schema\\schema.gql [1992B] \nConnector \"example\": sources: example\\mutations.gql [1243B] example\\queries.gql [1801B] \n"}}
[debug] [2026-04-25T19:33:12.814Z] I0426 01:03:12.796769   15468 codegen.go:101] [connector "example" javascriptSdk] Generating sources into "c:\\Users\\Sharon raj\\OneDrive\\Desktop\\aesthetiq-patient-native\\src\\dataconnect-generated"
 {"metadata":{"emulator":{"name":"dataconnect"},"message":"I0426 01:03:12.796769   15468 codegen.go:101] [connector \"example\" javascriptSdk] Generating sources into \"c:\\\\Users\\\\Sharon raj\\\\OneDrive\\\\Desktop\\\\aesthetiq-patient-native\\\\src\\\\dataconnect-generated\"\n"}}
[debug] [2026-04-25T19:33:13.345Z] I0426 01:03:12.827622   15468 collector.go:107] schema extensions wrote into "c:\\Users\\Sharon raj\\OneDrive\\Desktop\\aesthetiq-patient-native\\dataconnect\\.dataconnect\\schema"
Generated sources: main\input.gql [28927B] prelude.gql [82799B] main\relation.gql [14318B] main\query.gql [5099B] main\mutation.gql [13679B] main\implicit.gql [1261B] 
I0426 01:03:12.836074   15468 collector.go:107] connector "example" javascriptSdk wrote into "c:\\Users\\Sharon raj\\OneDrive\\Desktop\\aesthetiq-patient-native\\src\\dataconnect-generated"
Generated sources: index.cjs.js [5649B] react\index.cjs.js [3439B] esm\package.json [17B] react\README.md [48299B] esm\index.esm.js [5149B] package.json [853B] README.md [41235B] react\package.json [460B] react\esm\package.json [17B] .guides/setup.md [1682B] index.d.ts [8350B] react\index.d.ts [3961B] react\esm\index.esm.js [3269B] .guides/usage.md [3489B] .guides/config.json [236B] 
I0426 01:03:13.025418   15468 installsdk.go:55] Package @dataconnect/generated is already installed. Skipping installation
I0426 01:03:13.025418   15468 load.go:109] Finished reloading
I0426 01:03:13.097032   15468 dev.go:104] Listening on address (HTTP + gRPC): 127.0.0.1:50001
 {"metadata":{"emulator":{"name":"dataconnect"},"message":"I0426 01:03:12.827622   15468 collector.go:107] schema extensions wrote into \"c:\\\\Users\\\\Sharon raj\\\\OneDrive\\\\Desktop\\\\aesthetiq-patient-native\\\\dataconnect\\\\.dataconnect\\\\schema\"\nGenerated sources: main\\input.gql [28927B] prelude.gql [82799B] main\\relation.gql [14318B] main\\query.gql [5099B] main\\mutation.gql [13679B] main\\implicit.gql [1261B] \nI0426 01:03:12.836074   15468 collector.go:107] connector \"example\" javascriptSdk wrote into \"c:\\\\Users\\\\Sharon raj\\\\OneDrive\\\\Desktop\\\\aesthetiq-patient-native\\\\src\\\\dataconnect-generated\"\nGenerated sources: index.cjs.js [5649B] react\\index.cjs.js [3439B] esm\\package.json [17B] react\\README.md [48299B] esm\\index.esm.js [5149B] package.json [853B] README.md [41235B] react\\package.json [460B] react\\esm\\package.json [17B] .guides/setup.md [1682B] index.d.ts [8350B] react\\index.d.ts [3961B] react\\esm\\index.esm.js [3269B] .guides/usage.md [3489B] .guides/config.json [236B] \nI0426 01:03:13.025418   15468 installsdk.go:55] Package @dataconnect/generated is already installed. Skipping installation\nI0426 01:03:13.025418   15468 load.go:109] Finished reloading\nI0426 01:03:13.097032   15468 dev.go:104] Listening on address (HTTP + gRPC): 127.0.0.1:50001\n"}}
[debug] [2026-04-25T19:33:14.873Z] I0426 01:03:13.686189   15468 engine.go:209] [projects/emulator/locations/emulator/services/aesthetiq-patient-native 9d21] ExecuteGraphqlRead query IntrospectionQuery: succeeded. 
 {"metadata":{"emulator":{"name":"dataconnect"},"message":"I0426 01:03:13.686189   15468 engine.go:209] [projects/emulator/locations/emulator/services/aesthetiq-patient-native 9d21] ExecuteGraphqlRead query IntrospectionQuery: succeeded. \n"}}
[debug] [2026-04-25T19:33:15.705Z] <<< [apiv2][status] POST https://www.googleapis.com/oauth2/v3/token 200
[debug] [2026-04-25T19:33:15.706Z] <<< [apiv2][body] POST https://www.googleapis.com/oauth2/v3/token [omitted]
[debug] [2026-04-25T19:33:15.766Z] [Firebase Plugin] User found:  sharonraj2770@gmail.com
[info] [Firebase Plugin] (Core:Project) New user detected, fetching projects
[debug] [2026-04-25T19:33:15.768Z] Checked if tokens are valid: true, expires at: 1777149194706
[debug] [2026-04-25T19:33:15.770Z] >>> [apiv2][query] GET https://firebase.googleapis.com/v1beta1/projects pageSize=1000
[debug] [2026-04-25T19:33:17.634Z] <<< [apiv2][status] GET https://firebase.googleapis.com/v1beta1/projects 200
[debug] [2026-04-25T19:33:17.635Z] <<< [apiv2][body] GET https://firebase.googleapis.com/v1beta1/projects [omitted]
[info] [Firebase Plugin] Stopping SQL Connect toolkit
[warn] !  SQL Connect Emulator has exited upon receiving signal: SIGINT 
[debug] [2026-05-01T11:35:59.535Z] [Firebase Plugin] Activating Firebase extension.
[debug] [2026-05-01T11:36:25.962Z] [Firebase Plugin] requireAuthWrapper
[debug] [2026-05-01T11:36:25.968Z] > command requires scopes: ["email","openid","https://www.googleapis.com/auth/cloudplatformprojects.readonly","https://www.googleapis.com/auth/firebase","https://www.googleapis.com/auth/cloud-platform"]
[debug] [2026-05-01T11:36:25.969Z] > authorizing via signed-in user (sharonraj2770@gmail.com)
[debug] [2026-05-01T11:36:25.976Z] Checked if tokens are valid: false, expires at: 1777391248524
[debug] [2026-05-01T11:36:25.977Z] Checked if tokens are valid: false, expires at: 1777391248524
[debug] [2026-05-01T11:36:25.977Z] > refreshing access token with scopes: []
[debug] [2026-05-01T11:36:25.981Z] >>> [apiv2][query] POST https://www.googleapis.com/oauth2/v3/token [none]
[debug] [2026-05-01T11:36:25.982Z] >>> [apiv2][body] POST https://www.googleapis.com/oauth2/v3/token [omitted]
[debug] [2026-05-01T11:36:26.009Z] [Firebase Plugin] VSCode notification server listening on port 40001
[info] [Firebase Plugin] Starting SQL Connect toolkit (version 3.4.5) on port 50001
[debug] [2026-05-01T11:36:26.958Z] I0501 17:06:26.931367   19188 control.go:100] [projects/emulator/locations/emulator/services/aesthetiq-patient-native 1deb] UpdateResources(): done
Main schema: sources: schema\schema.gql [1992B] 
Connector "example": sources: example\mutations.gql [1243B] example\queries.gql [1801B] 
 {"metadata":{"emulator":{"name":"dataconnect"},"message":"I0501 17:06:26.931367   19188 control.go:100] [projects/emulator/locations/emulator/services/aesthetiq-patient-native 1deb] UpdateResources(): done\nMain schema: sources: schema\\schema.gql [1992B] \nConnector \"example\": sources: example\\mutations.gql [1243B] example\\queries.gql [1801B] \n"}}
[debug] [2026-05-01T11:36:26.960Z] Ignoring unsupported arg: auto_download {"metadata":{"emulator":{"name":"dataconnect"},"message":"Ignoring unsupported arg: auto_download"}}
[debug] [2026-05-01T11:36:26.961Z] Ignoring unsupported arg: port {"metadata":{"emulator":{"name":"dataconnect"},"message":"Ignoring unsupported arg: port"}}
[debug] [2026-05-01T11:36:26.961Z] Starting SQL Connect Emulator with command {"binary":"C:\\Users\\Sharon raj\\.cache\\firebase\\emulators\\dataconnect-emulator-3.4.5.exe","args":["--logtostderr","-v=2","dev","--listen=localhost:50001","--config_dir=c:\\Users\\Sharon raj\\OneDrive\\Desktop\\aesthetiq-patient-native\\dataconnect","--enable_output_schema_extensions=true","--enable_output_generated_sdk=true"],"optionalArgs":["listen","config_dir","enable_output_schema_extensions","enable_output_generated_sdk"],"joinArgs":true,"shell":false,"port":9399} {"metadata":{"emulator":{"name":"dataconnect"},"message":"Starting SQL Connect Emulator with command {\"binary\":\"C:\\\\Users\\\\Sharon raj\\\\.cache\\\\firebase\\\\emulators\\\\dataconnect-emulator-3.4.5.exe\",\"args\":[\"--logtostderr\",\"-v=2\",\"dev\",\"--listen=localhost:50001\",\"--config_dir=c:\\\\Users\\\\Sharon raj\\\\OneDrive\\\\Desktop\\\\aesthetiq-patient-native\\\\dataconnect\",\"--enable_output_schema_extensions=true\",\"--enable_output_generated_sdk=true\"],\"optionalArgs\":[\"listen\",\"config_dir\",\"enable_output_schema_extensions\",\"enable_output_generated_sdk\"],\"joinArgs\":true,\"shell\":false,\"port\":9399}"}}
[info] i  dataconnect: SQL Connect Emulator logging to dataconnect-debug.log {"metadata":{"emulator":{"name":"dataconnect"},"message":"SQL Connect Emulator logging to \u001b[1mdataconnect-debug.log\u001b[22m"}}
[debug] [2026-05-01T11:36:27.039Z] I0501 17:06:27.036580   31652 load.go:31] Reloading schema and connectors...
 {"metadata":{"emulator":{"name":"dataconnect"},"message":"I0501 17:06:27.036580   31652 load.go:31] Reloading schema and connectors...\n"}}
[debug] [2026-05-01T11:36:27.101Z] I0501 17:06:27.095118   31652 control.go:100] [projects/emulator/locations/emulator/services/aesthetiq-patient-native 622f] UpdateResources(): done
Main schema: sources: schema\schema.gql [1992B] 
Connector "example": sources: example\queries.gql [1801B] example\mutations.gql [1243B] 
 {"metadata":{"emulator":{"name":"dataconnect"},"message":"I0501 17:06:27.095118   31652 control.go:100] [projects/emulator/locations/emulator/services/aesthetiq-patient-native 622f] UpdateResources(): done\nMain schema: sources: schema\\schema.gql [1992B] \nConnector \"example\": sources: example\\queries.gql [1801B] example\\mutations.gql [1243B] \n"}}
[debug] [2026-05-01T11:36:27.193Z] I0501 17:06:27.160340   31652 codegen.go:101] [connector "example" javascriptSdk] Generating sources into "c:\\Users\\Sharon raj\\OneDrive\\Desktop\\aesthetiq-patient-native\\src\\dataconnect-generated"
I0501 17:06:27.185590   31652 collector.go:107] schema extensions wrote into "c:\\Users\\Sharon raj\\OneDrive\\Desktop\\aesthetiq-patient-native\\dataconnect\\.dataconnect\\schema"
Generated sources: prelude.gql [82799B] main\input.gql [28927B] main\relation.gql [14318B] main\query.gql [5099B] main\mutation.gql [13679B] main\implicit.gql [1261B] 
 {"metadata":{"emulator":{"name":"dataconnect"},"message":"I0501 17:06:27.160340   31652 codegen.go:101] [connector \"example\" javascriptSdk] Generating sources into \"c:\\\\Users\\\\Sharon raj\\\\OneDrive\\\\Desktop\\\\aesthetiq-patient-native\\\\src\\\\dataconnect-generated\"\nI0501 17:06:27.185590   31652 collector.go:107] schema extensions wrote into \"c:\\\\Users\\\\Sharon raj\\\\OneDrive\\\\Desktop\\\\aesthetiq-patient-native\\\\dataconnect\\\\.dataconnect\\\\schema\"\nGenerated sources: prelude.gql [82799B] main\\input.gql [28927B] main\\relation.gql [14318B] main\\query.gql [5099B] main\\mutation.gql [13679B] main\\implicit.gql [1261B] \n"}}
[debug] [2026-05-01T11:36:27.205Z] I0501 17:06:27.194419   31652 collector.go:107] connector "example" javascriptSdk wrote into "c:\\Users\\Sharon raj\\OneDrive\\Desktop\\aesthetiq-patient-native\\src\\dataconnect-generated"
Generated sources: README.md [41235B] react\esm\package.json [17B] react\index.cjs.js [3439B] .guides/setup.md [1682B] react\esm\index.esm.js [3269B] react\README.md [48299B] package.json [853B] react\index.d.ts [3961B] index.d.ts [8350B] esm\index.esm.js [5149B] esm\package.json [17B] react\package.json [460B] .guides/usage.md [3489B] .guides/config.json [236B] index.cjs.js [5649B] 
 {"metadata":{"emulator":{"name":"dataconnect"},"message":"I0501 17:06:27.194419   31652 collector.go:107] connector \"example\" javascriptSdk wrote into \"c:\\\\Users\\\\Sharon raj\\\\OneDrive\\\\Desktop\\\\aesthetiq-patient-native\\\\src\\\\dataconnect-generated\"\nGenerated sources: README.md [41235B] react\\esm\\package.json [17B] react\\index.cjs.js [3439B] .guides/setup.md [1682B] react\\esm\\index.esm.js [3269B] react\\README.md [48299B] package.json [853B] react\\index.d.ts [3961B] index.d.ts [8350B] esm\\index.esm.js [5149B] esm\\package.json [17B] react\\package.json [460B] .guides/usage.md [3489B] .guides/config.json [236B] index.cjs.js [5649B] \n"}}
[debug] [2026-05-01T11:36:27.377Z] I0501 17:06:27.321784   31652 installsdk.go:86] Running command: C:\Program Files\nodejs\npm.cmd install file:src\dataconnect-generated
 {"metadata":{"emulator":{"name":"dataconnect"},"message":"I0501 17:06:27.321784   31652 installsdk.go:86] Running command: C:\\Program Files\\nodejs\\npm.cmd install file:src\\dataconnect-generated\n"}}
[debug] [2026-05-01T11:36:27.912Z] <<< [apiv2][status] POST https://www.googleapis.com/oauth2/v3/token 200
[debug] [2026-05-01T11:36:27.913Z] <<< [apiv2][body] POST https://www.googleapis.com/oauth2/v3/token [omitted]
[debug] [2026-05-01T11:36:27.978Z] [Firebase Plugin] User found:  sharonraj2770@gmail.com
[info] [Firebase Plugin] (Core:Project) New user detected, fetching projects
[debug] [2026-05-01T11:36:27.980Z] Checked if tokens are valid: true, expires at: 1777638986913
[debug] [2026-05-01T11:36:27.981Z] >>> [apiv2][query] GET https://firebase.googleapis.com/v1beta1/projects pageSize=1000
[debug] [2026-05-01T11:36:29.505Z] <<< [apiv2][status] GET https://firebase.googleapis.com/v1beta1/projects 200
[debug] [2026-05-01T11:36:29.505Z] <<< [apiv2][body] GET https://firebase.googleapis.com/v1beta1/projects [omitted]
[debug] [2026-05-01T11:36:43.179Z] E0501 17:06:43.177837   31652 installsdk.go:88] Failed to install package: exit status 0xc000013a
I0501 17:06:43.177837   31652 load.go:109] Finished reloading
 {"metadata":{"emulator":{"name":"dataconnect"},"message":"E0501 17:06:43.177837   31652 installsdk.go:88] Failed to install package: exit status 0xc000013a\nI0501 17:06:43.177837   31652 load.go:109] Finished reloading\n"}}
[debug] [2026-05-01T11:36:43.205Z] I0501 17:06:43.205094   31652 dev.go:104] Listening on address (HTTP + gRPC): 127.0.0.1:50001
 {"metadata":{"emulator":{"name":"dataconnect"},"message":"I0501 17:06:43.205094   31652 dev.go:104] Listening on address (HTTP + gRPC): 127.0.0.1:50001\n"}}
[info] [Firebase Plugin] Stopping SQL Connect toolkit
[warn] !  SQL Connect Emulator has exited upon receiving signal: SIGINT 
[debug] [2026-05-01T11:58:48.083Z] [Firebase Plugin] Activating Firebase extension.
[debug] [2026-05-01T11:58:50.574Z] [Firebase Plugin] requireAuthWrapper
[debug] [2026-05-01T11:58:50.577Z] > command requires scopes: ["email","openid","https://www.googleapis.com/auth/cloudplatformprojects.readonly","https://www.googleapis.com/auth/firebase","https://www.googleapis.com/auth/cloud-platform"]
[debug] [2026-05-01T11:58:50.578Z] > authorizing via signed-in user (sharonraj2770@gmail.com)
[debug] [2026-05-01T11:58:50.581Z] Checked if tokens are valid: true, expires at: 1777638986913
[debug] [2026-05-01T11:58:50.582Z] Checked if tokens are valid: true, expires at: 1777638986913
[debug] [2026-05-01T11:58:50.582Z] [Firebase Plugin] User found:  sharonraj2770@gmail.com
[info] [Firebase Plugin] (Core:Project) New user detected, fetching projects
[debug] [2026-05-01T11:58:50.583Z] Checked if tokens are valid: true, expires at: 1777638986913
[debug] [2026-05-01T11:58:50.585Z] >>> [apiv2][query] GET https://firebase.googleapis.com/v1beta1/projects pageSize=1000
[debug] [2026-05-01T11:58:50.597Z] [Firebase Plugin] VSCode notification server listening on port 40001
[info] [Firebase Plugin] Starting SQL Connect toolkit (version 3.4.5) on port 50001
[debug] [2026-05-01T11:58:51.526Z] I0501 17:28:51.498100    3640 control.go:100] [projects/emulator/locations/emulator/services/aesthetiq-patient-native bac0] UpdateResources(): done
Main schema: sources: schema\schema.gql [1992B] 
Connector "example": sources: example\mutations.gql [1243B] example\queries.gql [1801B] 
 {"metadata":{"emulator":{"name":"dataconnect"},"message":"I0501 17:28:51.498100    3640 control.go:100] [projects/emulator/locations/emulator/services/aesthetiq-patient-native bac0] UpdateResources(): done\nMain schema: sources: schema\\schema.gql [1992B] \nConnector \"example\": sources: example\\mutations.gql [1243B] example\\queries.gql [1801B] \n"}}
[debug] [2026-05-01T11:58:51.528Z] Ignoring unsupported arg: auto_download {"metadata":{"emulator":{"name":"dataconnect"},"message":"Ignoring unsupported arg: auto_download"}}
[debug] [2026-05-01T11:58:51.529Z] Ignoring unsupported arg: port {"metadata":{"emulator":{"name":"dataconnect"},"message":"Ignoring unsupported arg: port"}}
[debug] [2026-05-01T11:58:51.529Z] Starting SQL Connect Emulator with command {"binary":"C:\\Users\\Sharon raj\\.cache\\firebase\\emulators\\dataconnect-emulator-3.4.5.exe","args":["--logtostderr","-v=2","dev","--listen=localhost:50001","--config_dir=c:\\project\\aesthetiq-patient-native\\dataconnect","--enable_output_schema_extensions=true","--enable_output_generated_sdk=true"],"optionalArgs":["listen","config_dir","enable_output_schema_extensions","enable_output_generated_sdk"],"joinArgs":true,"shell":false,"port":9399} {"metadata":{"emulator":{"name":"dataconnect"},"message":"Starting SQL Connect Emulator with command {\"binary\":\"C:\\\\Users\\\\Sharon raj\\\\.cache\\\\firebase\\\\emulators\\\\dataconnect-emulator-3.4.5.exe\",\"args\":[\"--logtostderr\",\"-v=2\",\"dev\",\"--listen=localhost:50001\",\"--config_dir=c:\\\\project\\\\aesthetiq-patient-native\\\\dataconnect\",\"--enable_output_schema_extensions=true\",\"--enable_output_generated_sdk=true\"],\"optionalArgs\":[\"listen\",\"config_dir\",\"enable_output_schema_extensions\",\"enable_output_generated_sdk\"],\"joinArgs\":true,\"shell\":false,\"port\":9399}"}}
[info] i  dataconnect: SQL Connect Emulator logging to dataconnect-debug.log {"metadata":{"emulator":{"name":"dataconnect"},"message":"SQL Connect Emulator logging to \u001b[1mdataconnect-debug.log\u001b[22m"}}
[debug] [2026-05-01T11:58:51.780Z] I0501 17:28:51.654243    2564 load.go:31] Reloading schema and connectors...
I0501 17:28:51.760336    2564 control.go:100] [projects/emulator/locations/emulator/services/aesthetiq-patient-native ee44] UpdateResources(): done
Main schema: sources: schema\schema.gql [1992B] 
Connector "example": sources: example\mutations.gql [1243B] example\queries.gql [1801B] 
 {"metadata":{"emulator":{"name":"dataconnect"},"message":"I0501 17:28:51.654243    2564 load.go:31] Reloading schema and connectors...\nI0501 17:28:51.760336    2564 control.go:100] [projects/emulator/locations/emulator/services/aesthetiq-patient-native ee44] UpdateResources(): done\nMain schema: sources: schema\\schema.gql [1992B] \nConnector \"example\": sources: example\\mutations.gql [1243B] example\\queries.gql [1801B] \n"}}
[debug] [2026-05-01T11:58:51.811Z] I0501 17:28:51.796476    2564 codegen.go:101] [connector "example" javascriptSdk] Generating sources into "c:\\project\\aesthetiq-patient-native\\src\\dataconnect-generated"
 {"metadata":{"emulator":{"name":"dataconnect"},"message":"I0501 17:28:51.796476    2564 codegen.go:101] [connector \"example\" javascriptSdk] Generating sources into \"c:\\\\project\\\\aesthetiq-patient-native\\\\src\\\\dataconnect-generated\"\n"}}
[debug] [2026-05-01T11:58:51.881Z] I0501 17:28:51.832361    2564 collector.go:107] schema extensions wrote into "c:\\project\\aesthetiq-patient-native\\dataconnect\\.dataconnect\\schema"
Generated sources: main\mutation.gql [13679B] main\implicit.gql [1261B] prelude.gql [82799B] main\input.gql [28927B] main\relation.gql [14318B] main\query.gql [5099B] 
I0501 17:28:51.839212    2564 collector.go:107] connector "example" javascriptSdk wrote into "c:\\project\\aesthetiq-patient-native\\src\\dataconnect-generated"
Generated sources: react\esm\package.json [17B] react\index.cjs.js [3439B] index.cjs.js [5649B] .guides/setup.md [1682B] react\index.d.ts [3961B] react\package.json [460B] react\esm\index.esm.js [3269B] react\README.md [48299B] index.d.ts [8350B] package.json [853B] README.md [41235B] .guides/usage.md [3489B] .guides/config.json [236B] esm\index.esm.js [5149B] esm\package.json [17B] 
 {"metadata":{"emulator":{"name":"dataconnect"},"message":"I0501 17:28:51.832361    2564 collector.go:107] schema extensions wrote into \"c:\\\\project\\\\aesthetiq-patient-native\\\\dataconnect\\\\.dataconnect\\\\schema\"\nGenerated sources: main\\mutation.gql [13679B] main\\implicit.gql [1261B] prelude.gql [82799B] main\\input.gql [28927B] main\\relation.gql [14318B] main\\query.gql [5099B] \nI0501 17:28:51.839212    2564 collector.go:107] connector \"example\" javascriptSdk wrote into \"c:\\\\project\\\\aesthetiq-patient-native\\\\src\\\\dataconnect-generated\"\nGenerated sources: react\\esm\\package.json [17B] react\\index.cjs.js [3439B] index.cjs.js [5649B] .guides/setup.md [1682B] react\\index.d.ts [3961B] react\\package.json [460B] react\\esm\\index.esm.js [3269B] react\\README.md [48299B] index.d.ts [8350B] package.json [853B] README.md [41235B] .guides/usage.md [3489B] .guides/config.json [236B] esm\\index.esm.js [5149B] esm\\package.json [17B] \n"}}
[debug] [2026-05-01T11:58:51.973Z] I0501 17:28:51.974048    2564 installsdk.go:86] Running command: C:\Program Files\nodejs\npm.cmd install file:src\dataconnect-generated
 {"metadata":{"emulator":{"name":"dataconnect"},"message":"I0501 17:28:51.974048    2564 installsdk.go:86] Running command: C:\\Program Files\\nodejs\\npm.cmd install file:src\\dataconnect-generated\n"}}
[debug] [2026-05-01T11:58:52.187Z] <<< [apiv2][status] GET https://firebase.googleapis.com/v1beta1/projects 200
[debug] [2026-05-01T11:58:52.188Z] <<< [apiv2][body] GET https://firebase.googleapis.com/v1beta1/projects [omitted]
[debug] [2026-05-01T11:59:03.227Z] E0501 17:29:03.227427    2564 installsdk.go:88] Failed to install package: exit status 0xc000013a
I0501 17:29:03.227427    2564 load.go:109] Finished reloading
 {"metadata":{"emulator":{"name":"dataconnect"},"message":"E0501 17:29:03.227427    2564 installsdk.go:88] Failed to install package: exit status 0xc000013a\nI0501 17:29:03.227427    2564 load.go:109] Finished reloading\n"}}
[debug] [2026-05-01T11:59:03.238Z] I0501 17:29:03.238414    2564 dev.go:104] Listening on address (HTTP + gRPC): 127.0.0.1:50001
 {"metadata":{"emulator":{"name":"dataconnect"},"message":"I0501 17:29:03.238414    2564 dev.go:104] Listening on address (HTTP + gRPC): 127.0.0.1:50001\n"}}
